UserID,Condition,Value
5ef4fadcdff5d41398f96960,Overall PC,0.8708333333333333
5ef4fadcdff5d41398f96960,Bonus,5
5ef4fadcdff5d41398f96960,Rew Match Accuracy,1.0
5ef4fadcdff5d41398f96960,Unrew Match Accuracy,0.8666666666666667
5ef4fadcdff5d41398f96960,CR Overall,0.7416666666666667
5ef4fadcdff5d41398f96960,CR Overall Rew,0.7666666666666667
5ef4fadcdff5d41398f96960,CR Overall Unrew,0.7166666666666667
5ef4fadcdff5d41398f96960,CR Ph1 Rew,0.7666666666666667
5ef4fadcdff5d41398f96960,CR Ph1 Unrew,0.7666666666666667
5ef4fadcdff5d41398f96960,CR Ph2 Rew,0.7666666666666667
5ef4fadcdff5d41398f96960,CR Ph2 Unrew,0.6666666666666667
5ef4fadcdff5d41398f96960,DP Overall,2.9438222432220162
5ef4fadcdff5d41398f96960,DP Overall Rew,3.1620413449589653
5ef4fadcdff5d41398f96960,DP Overall Unrew,2.864054750718897
5ef4fadcdff5d41398f96960,DP Ph1 Rew,3.1620413449589653
5ef4fadcdff5d41398f96960,DP Ph1 Unrew,3.0813615633194096
5ef4fadcdff5d41398f96960,DP Ph2 Rew,3.1620413449589653
5ef4fadcdff5d41398f96960,DP Ph2 Unrew,2.684480629554784
5ef4fadcdff5d41398f96960,Memory Test RT,2417.2324999998013
5ef4fadcdff5d41398f96960,Memory Certainty Count,"0.0     93
12.0    12
24.0    16
48.0    45
60.0    40
72.0    34
Name: response, dtype: int64"
5ef4fadcdff5d41398f96960,Memory Certainty Count Correct,"0.0     85
12.0    12
24.0     8
48.0    39
60.0    34
72.0    31
Name: response, dtype: int64"
5ef4fadcdff5d41398f96960,Rewarded Category,Animal
5ef4fadcdff5d41398f96960,End Survey,"{""Q0"":""very, memory isn't as bad as I thought"",""Q1"":""no specific stategy"",""Q2"":""4""}"
60e4cdbba3fd4ba23eb551d6,Overall PC,0.7625
60e4cdbba3fd4ba23eb551d6,Bonus,5.25
60e4cdbba3fd4ba23eb551d6,Rew Match Accuracy,0.9
60e4cdbba3fd4ba23eb551d6,Unrew Match Accuracy,0.9
60e4cdbba3fd4ba23eb551d6,CR Overall,0.525
60e4cdbba3fd4ba23eb551d6,CR Overall Rew,0.4666666666666667
60e4cdbba3fd4ba23eb551d6,CR Overall Unrew,0.5833333333333333
60e4cdbba3fd4ba23eb551d6,CR Ph1 Rew,0.55
60e4cdbba3fd4ba23eb551d6,CR Ph1 Unrew,0.7
60e4cdbba3fd4ba23eb551d6,CR Ph2 Rew,0.3833333333333333
60e4cdbba3fd4ba23eb551d6,CR Ph2 Unrew,0.4666666666666666
60e4cdbba3fd4ba23eb551d6,DP Overall,2.1001524890566503
60e4cdbba3fd4ba23eb551d6,DP Overall Rew,1.9178196212806655
60e4cdbba3fd4ba23eb551d6,DP Overall Unrew,2.2966073957222215
60e4cdbba3fd4ba23eb551d6,DP Ph1 Rew,2.211786489105745
60e4cdbba3fd4ba23eb551d6,DP Ph1 Unrew,2.8009906459885636
60e4cdbba3fd4ba23eb551d6,DP Ph2 Rew,1.668617153780294
60e4cdbba3fd4ba23eb551d6,DP Ph2 Unrew,1.9429380260672788
60e4cdbba3fd4ba23eb551d6,Memory Test RT,3033.9133333316695
60e4cdbba3fd4ba23eb551d6,Memory Certainty Count,"0.0     58
12.0    24
24.0    39
48.0    23
60.0    55
72.0    41
Name: response, dtype: int64"
60e4cdbba3fd4ba23eb551d6,Memory Certainty Count Correct,"0.0     55
12.0    15
24.0    22
48.0    20
60.0    40
72.0    31
Name: response, dtype: int64"
60e4cdbba3fd4ba23eb551d6,Rewarded Category,Animal
60e4cdbba3fd4ba23eb551d6,End Survey,"{""Q0"":""very "",""Q1"":""i didn't have a strategy "",""Q2"":""2""}"
6171221efda127e0d1b31860,Overall PC,0.6583333333333333
6171221efda127e0d1b31860,Bonus,0.25
6171221efda127e0d1b31860,Rew Match Accuracy,0.8
6171221efda127e0d1b31860,Unrew Match Accuracy,0.9666666666666667
6171221efda127e0d1b31860,CR Overall,0.3166666666666666
6171221efda127e0d1b31860,CR Overall Rew,0.43333333333333335
6171221efda127e0d1b31860,CR Overall Unrew,0.19999999999999996
6171221efda127e0d1b31860,CR Ph1 Rew,0.44999999999999996
6171221efda127e0d1b31860,CR Ph1 Unrew,0.31666666666666665
6171221efda127e0d1b31860,CR Ph2 Rew,0.41666666666666663
6171221efda127e0d1b31860,CR Ph2 Unrew,0.08333333333333326
6171221efda127e0d1b31860,DP Overall,1.475522773936335
6171221efda127e0d1b31860,DP Overall Rew,1.820554776594444
6171221efda127e0d1b31860,DP Overall Unrew,1.1452649706655207
6171221efda127e0d1b31860,DP Ph1 Rew,1.8686765855107645
6171221efda127e0d1b31860,DP Ph1 Unrew,1.5869651358723396
6171221efda127e0d1b31860,DP Ph2 Rew,1.773268001778546
6171221efda127e0d1b31860,DP Ph2 Unrew,0.6952267953432621
6171221efda127e0d1b31860,Memory Test RT,2454.9395833333333
6171221efda127e0d1b31860,Memory Certainty Count,"0.0     55
12.0    42
24.0    33
48.0    34
60.0    48
72.0    28
Name: response, dtype: int64"
6171221efda127e0d1b31860,Memory Certainty Count Correct,"0.0     50
12.0    22
24.0    12
48.0    22
60.0    27
72.0    25
Name: response, dtype: int64"
6171221efda127e0d1b31860,Rewarded Category,Object
6171221efda127e0d1b31860,End Survey,"{""Q0"":""Very"",""Q1"":""No strategy, the ones that stuck out were instantly recognisable, the others were very similar or similar types were repeated"",""Q2"":""4""}"
60b0fb825f5eb216ab3c03b1,Overall PC,0.7829787234042553
60b0fb825f5eb216ab3c03b1,Bonus,5.25
60b0fb825f5eb216ab3c03b1,Rew Match Accuracy,0.9666666666666667
60b0fb825f5eb216ab3c03b1,Unrew Match Accuracy,0.9666666666666667
60b0fb825f5eb216ab3c03b1,CR Overall,0.5652614805157178
60b0fb825f5eb216ab3c03b1,CR Overall Rew,0.5442528735632184
60b0fb825f5eb216ab3c03b1,CR Overall Unrew,0.5842105263157895
60b0fb825f5eb216ab3c03b1,CR Ph1 Rew,0.49425287356321834
60b0fb825f5eb216ab3c03b1,CR Ph1 Unrew,0.6
60b0fb825f5eb216ab3c03b1,CR Ph2 Rew,0.5942528735632184
60b0fb825f5eb216ab3c03b1,CR Ph2 Unrew,0.5666666666666667
60b0fb825f5eb216ab3c03b1,DP Overall,2.2986839151478553
60b0fb825f5eb216ab3c03b1,DP Overall Rew,2.1890189881736717
60b0fb825f5eb216ab3c03b1,DP Overall Unrew,2.43300976747695
60b0fb825f5eb216ab3c03b1,DP Ph1 Rew,2.0465551523871612
60b0fb825f5eb216ab3c03b1,DP Ph1 Unrew,2.4782069617971034
60b0fb825f5eb216ab3c03b1,DP Ph2 Rew,2.3441699702517753
60b0fb825f5eb216ab3c03b1,DP Ph2 Unrew,2.383996840120534
60b0fb825f5eb216ab3c03b1,Memory Test RT,2898.4387234043566
60b0fb825f5eb216ab3c03b1,Memory Certainty Count,"0.0     41
12.0    37
24.0    20
48.0    48
60.0    59
72.0    30
Name: response, dtype: int64"
60b0fb825f5eb216ab3c03b1,Memory Certainty Count Correct,"0.0     37
12.0    29
24.0    16
48.0    37
60.0    42
72.0    23
Name: response, dtype: int64"
60b0fb825f5eb216ab3c03b1,Rewarded Category,Object
60b0fb825f5eb216ab3c03b1,End Survey,"{""Q0"":""Not surprised, however it was very long with no progress bar to show when it would finish."",""Q1"":""Did I see it yesterday? Yes! Ok, it's old."",""Q2"":""4""}"
61685b23ddfc82e5d52b8c6e,Overall PC,0.7949790794979079
61685b23ddfc82e5d52b8c6e,Bonus,0
61685b23ddfc82e5d52b8c6e,Rew Match Accuracy,0.8666666666666667
61685b23ddfc82e5d52b8c6e,Unrew Match Accuracy,0.8666666666666667
61685b23ddfc82e5d52b8c6e,CR Overall,0.5908263305322129
61685b23ddfc82e5d52b8c6e,CR Overall Rew,0.6166666666666666
61685b23ddfc82e5d52b8c6e,CR Overall Unrew,0.5641242937853107
61685b23ddfc82e5d52b8c6e,CR Ph1 Rew,0.5499999999999999
61685b23ddfc82e5d52b8c6e,CR Ph1 Unrew,0.6141242937853107
61685b23ddfc82e5d52b8c6e,CR Ph2 Rew,0.6833333333333332
61685b23ddfc82e5d52b8c6e,CR Ph2 Unrew,0.5141242937853107
61685b23ddfc82e5d52b8c6e,DP Overall,2.449409979084116
61685b23ddfc82e5d52b8c6e,DP Overall Rew,2.752100516944661
61685b23ddfc82e5d52b8c6e,DP Overall Unrew,2.2700066717048575
61685b23ddfc82e5d52b8c6e,DP Ph1 Rew,2.5713937992859552
61685b23ddfc82e5d52b8c6e,DP Ph1 Unrew,2.425413818782854
61685b23ddfc82e5d52b8c6e,DP Ph2 Rew,2.950761019631831
61685b23ddfc82e5d52b8c6e,DP Ph2 Unrew,2.127645312099922
61685b23ddfc82e5d52b8c6e,Memory Test RT,2450.3778242730696
61685b23ddfc82e5d52b8c6e,Memory Certainty Count,"0.0     32
12.0    32
24.0    31
48.0    67
60.0    54
72.0    23
Name: response, dtype: int64"
61685b23ddfc82e5d52b8c6e,Memory Certainty Count Correct,"0.0     32
12.0    30
24.0    21
48.0    43
60.0    46
72.0    18
Name: response, dtype: int64"
61685b23ddfc82e5d52b8c6e,Rewarded Category,Object
61685b23ddfc82e5d52b8c6e,End Survey,"{""Q0"":""very surprised"",""Q1"":""i tried to remember what things i saw in my head"",""Q2"":""4""}"
6155a3245b822b1157793049,Overall PC,0.6791666666666667
6155a3245b822b1157793049,Bonus,0
6155a3245b822b1157793049,Rew Match Accuracy,0.8
6155a3245b822b1157793049,Unrew Match Accuracy,0.8333333333333334
6155a3245b822b1157793049,CR Overall,0.35833333333333334
6155a3245b822b1157793049,CR Overall Rew,0.31666666666666665
6155a3245b822b1157793049,CR Overall Unrew,0.39999999999999997
6155a3245b822b1157793049,CR Ph1 Rew,0.3666666666666667
6155a3245b822b1157793049,CR Ph1 Unrew,0.49999999999999994
6155a3245b822b1157793049,CR Ph2 Rew,0.2666666666666667
6155a3245b822b1157793049,CR Ph2 Unrew,0.3
6155a3245b822b1157793049,DP Overall,1.600460759487043
6155a3245b822b1157793049,DP Overall Rew,1.5627760250256715
6155a3245b822b1157793049,DP Overall Unrew,1.7357029243344464
6155a3245b822b1157793049,DP Ph1 Rew,1.7789525856497874
6155a3245b822b1157793049,DP Ph1 Unrew,2.0219065464135335
6155a3245b822b1157793049,DP Ph2 Rew,1.3733841251676997
6155a3245b822b1157793049,DP Ph2 Unrew,1.465165242720083
6155a3245b822b1157793049,Memory Test RT,2503.013333334153
6155a3245b822b1157793049,Memory Certainty Count,"0.0     69
12.0    33
24.0    29
48.0    48
60.0    38
72.0    23
Name: response, dtype: int64"
6155a3245b822b1157793049,Memory Certainty Count Correct,"0.0     57
12.0    17
24.0    13
48.0    30
60.0    28
72.0    18
Name: response, dtype: int64"
6155a3245b822b1157793049,Rewarded Category,Animal
6155a3245b822b1157793049,End Survey,"{""Q0"":""I wasn't very surprised. "",""Q1"":""I took my first answer rather than thinking too much. "",""Q2"":""2""}"
613a3d80394f1c5656a334a5,Overall PC,0.6638655462184874
613a3d80394f1c5656a334a5,Bonus,5
613a3d80394f1c5656a334a5,Rew Match Accuracy,0.9333333333333333
613a3d80394f1c5656a334a5,Unrew Match Accuracy,0.8333333333333334
613a3d80394f1c5656a334a5,CR Overall,0.3279661016949153
613a3d80394f1c5656a334a5,CR Overall Rew,0.35
613a3d80394f1c5656a334a5,CR Overall Unrew,0.3022988505747126
613a3d80394f1c5656a334a5,CR Ph1 Rew,0.5166666666666666
613a3d80394f1c5656a334a5,CR Ph1 Unrew,0.4022988505747127
613a3d80394f1c5656a334a5,CR Ph2 Rew,0.18333333333333335
613a3d80394f1c5656a334a5,CR Ph2 Unrew,0.20229885057471264
613a3d80394f1c5656a334a5,DP Overall,1.5037336351738066
613a3d80394f1c5656a334a5,DP Overall Rew,1.6140443084089238
613a3d80394f1c5656a334a5,DP Overall Unrew,1.4489908838924532
613a3d80394f1c5656a334a5,DP Ph1 Rew,2.0776692486226773
613a3d80394f1c5656a334a5,DP Ph1 Unrew,1.8099903039192728
613a3d80394f1c5656a334a5,DP Ph2 Rew,1.144016285705814
613a3d80394f1c5656a334a5,DP Ph2 Unrew,1.1247704077217493
613a3d80394f1c5656a334a5,Memory Test RT,3286.799159663792
613a3d80394f1c5656a334a5,Memory Certainty Count,"0.0     42
12.0    39
24.0    35
48.0    22
60.0    39
72.0    61
Name: response, dtype: int64"
613a3d80394f1c5656a334a5,Memory Certainty Count Correct,"0.0     34
12.0    26
24.0    18
48.0     8
60.0    28
72.0    44
Name: response, dtype: int64"
613a3d80394f1c5656a334a5,Rewarded Category,Object
613a3d80394f1c5656a334a5,End Survey,"{""Q0"":""vey at how much remembered"",""Q1"":""recognised colours mainly"",""Q2"":""4""}"
61742a9ff08991acec08ae49,Overall PC,0.6276150627615062
61742a9ff08991acec08ae49,Bonus,0
61742a9ff08991acec08ae49,Rew Match Accuracy,0.7333333333333333
61742a9ff08991acec08ae49,Unrew Match Accuracy,0.8666666666666667
61742a9ff08991acec08ae49,CR Overall,0.25469187675070026
61742a9ff08991acec08ae49,CR Overall Rew,0.3666666666666667
61742a9ff08991acec08ae49,CR Overall Unrew,0.13954802259887011
61742a9ff08991acec08ae49,CR Ph1 Rew,0.4833333333333333
61742a9ff08991acec08ae49,CR Ph1 Unrew,0.2395480225988701
61742a9ff08991acec08ae49,CR Ph2 Rew,0.25
61742a9ff08991acec08ae49,CR Ph2 Unrew,0.039548022598870025
61742a9ff08991acec08ae49,DP Overall,1.2960039214713728
61742a9ff08991acec08ae49,DP Overall Rew,1.6347996872709842
61742a9ff08991acec08ae49,DP Overall Unrew,0.9830084765318903
61742a9ff08991acec08ae49,DP Ph1 Rew,1.968193658081688
61742a9ff08991acec08ae49,DP Ph1 Unrew,1.437956657659263
61742a9ff08991acec08ae49,DP Ph2 Rew,1.3133809198203332
61742a9ff08991acec08ae49,DP Ph2 Unrew,0.4870339841373787
61742a9ff08991acec08ae49,Memory Test RT,2630.726778242667
61742a9ff08991acec08ae49,Memory Certainty Count,"0.0     36
12.0    51
24.0    48
48.0    68
60.0    29
72.0     7
Name: response, dtype: int64"
61742a9ff08991acec08ae49,Memory Certainty Count Correct,"0.0     28
12.0    32
24.0    23
48.0    44
60.0    17
72.0     6
Name: response, dtype: int64"
61742a9ff08991acec08ae49,Rewarded Category,Object
61742a9ff08991acec08ae49,End Survey,"{""Q0"":""not very - expecting "",""Q1"":""just tried to remember exactly what i saw yesterday - animals were easier"",""Q2"":""2""}"
616d3d8ea3b54a59c9a25972,Overall PC,0.6583333333333333
616d3d8ea3b54a59c9a25972,Bonus,5.25
616d3d8ea3b54a59c9a25972,Rew Match Accuracy,0.9
616d3d8ea3b54a59c9a25972,Unrew Match Accuracy,0.9333333333333333
616d3d8ea3b54a59c9a25972,CR Overall,0.31666666666666665
616d3d8ea3b54a59c9a25972,CR Overall Rew,0.33333333333333337
616d3d8ea3b54a59c9a25972,CR Overall Unrew,0.30000000000000004
616d3d8ea3b54a59c9a25972,CR Ph1 Rew,0.45000000000000007
616d3d8ea3b54a59c9a25972,CR Ph1 Unrew,0.31666666666666665
616d3d8ea3b54a59c9a25972,CR Ph2 Rew,0.21666666666666667
616d3d8ea3b54a59c9a25972,CR Ph2 Unrew,0.2833333333333333
616d3d8ea3b54a59c9a25972,DP Overall,1.498412786597466
616d3d8ea3b54a59c9a25972,DP Overall Rew,1.519821751269196
616d3d8ea3b54a59c9a25972,DP Overall Unrew,1.5183084207403847
616d3d8ea3b54a59c9a25972,DP Ph1 Rew,1.8748224997168839
616d3d8ea3b54a59c9a25972,DP Ph1 Unrew,1.5627760250256715
616d3d8ea3b54a59c9a25972,DP Ph2 Rew,1.180902004863657
616d3d8ea3b54a59c9a25972,DP Ph2 Unrew,1.4733014304346508
616d3d8ea3b54a59c9a25972,Memory Test RT,2552.6183333337617
616d3d8ea3b54a59c9a25972,Memory Certainty Count,"0.0     40
12.0    16
24.0    42
48.0    51
60.0    45
72.0    46
Name: response, dtype: int64"
616d3d8ea3b54a59c9a25972,Memory Certainty Count Correct,"0.0     35
12.0    12
24.0    21
48.0    30
60.0    28
72.0    32
Name: response, dtype: int64"
616d3d8ea3b54a59c9a25972,Rewarded Category,Object
616d3d8ea3b54a59c9a25972,End Survey,"{""Q0"":""very suprised"",""Q1"":""just tried to see if I recognised it"",""Q2"":""2""}"
61689dd9b5677bf2b1eae758,Overall PC,0.7615062761506276
61689dd9b5677bf2b1eae758,Bonus,5.25
61689dd9b5677bf2b1eae758,Rew Match Accuracy,0.9
61689dd9b5677bf2b1eae758,Unrew Match Accuracy,0.9333333333333333
61689dd9b5677bf2b1eae758,CR Overall,0.5223389355742297
61689dd9b5677bf2b1eae758,CR Overall Rew,0.5451977401129944
61689dd9b5677bf2b1eae758,CR Overall Unrew,0.5
61689dd9b5677bf2b1eae758,CR Ph1 Rew,0.5919540229885057
61689dd9b5677bf2b1eae758,CR Ph1 Unrew,0.65
61689dd9b5677bf2b1eae758,CR Ph2 Rew,0.5
61689dd9b5677bf2b1eae758,CR Ph2 Unrew,0.35
61689dd9b5677bf2b1eae758,DP Overall,2.142254741400465
61689dd9b5677bf2b1eae758,DP Overall Rew,2.1976489007499262
61689dd9b5677bf2b1eae758,DP Overall Unrew,2.0930288074064958
61689dd9b5677bf2b1eae758,DP Ph1 Rew,2.3408724689999456
61689dd9b5677bf2b1eae758,DP Ph1 Unrew,2.5510025105394916
61689dd9b5677bf2b1eae758,DP Ph2 Rew,2.069372240107848
61689dd9b5677bf2b1eae758,DP Ph2 Unrew,1.702533354943902
61689dd9b5677bf2b1eae758,Memory Test RT,2729.7924686251326
61689dd9b5677bf2b1eae758,Memory Certainty Count,"0.0     45
12.0    29
24.0    26
48.0    39
60.0    43
72.0    57
Name: response, dtype: int64"
61689dd9b5677bf2b1eae758,Memory Certainty Count Correct,"0.0     44
12.0    20
24.0    17
48.0    21
60.0    36
72.0    44
Name: response, dtype: int64"
61689dd9b5677bf2b1eae758,Rewarded Category,Animal
61689dd9b5677bf2b1eae758,End Survey,"{""Q0"":""Fairly surprised "",""Q1"":""Didn't exactly have a strategy but was quite surprised by how much i remembered  "",""Q2"":""4""}"
616a1d5d62aca16697a19692,Overall PC,0.7573221757322176
616a1d5d62aca16697a19692,Bonus,5.25
616a1d5d62aca16697a19692,Rew Match Accuracy,0.9
616a1d5d62aca16697a19692,Unrew Match Accuracy,0.9
616a1d5d62aca16697a19692,CR Overall,0.515266106442577
616a1d5d62aca16697a19692,CR Overall Rew,0.4
616a1d5d62aca16697a19692,CR Overall Unrew,0.6305084745762712
616a1d5d62aca16697a19692,CR Ph1 Rew,0.4
616a1d5d62aca16697a19692,CR Ph1 Unrew,0.6305084745762712
616a1d5d62aca16697a19692,CR Ph2 Rew,0.4
616a1d5d62aca16697a19692,CR Ph2 Unrew,0.6305084745762712
616a1d5d62aca16697a19692,DP Overall,2.1101755105269144
616a1d5d62aca16697a19692,DP Overall Rew,1.8040270253722046
616a1d5d62aca16697a19692,DP Overall Unrew,2.469990944969638
616a1d5d62aca16697a19692,DP Ph1 Rew,1.8040270253722046
616a1d5d62aca16697a19692,DP Ph1 Unrew,2.469990944969638
616a1d5d62aca16697a19692,DP Ph2 Rew,1.8040270253722046
616a1d5d62aca16697a19692,DP Ph2 Unrew,2.469990944969638
616a1d5d62aca16697a19692,Memory Test RT,3016.2799163185155
616a1d5d62aca16697a19692,Memory Certainty Count,"0.0      77
12.0      9
24.0     16
48.0     14
60.0     15
72.0    108
Name: response, dtype: int64"
616a1d5d62aca16697a19692,Memory Certainty Count Correct,"0.0     70
12.0     5
24.0     7
48.0     8
60.0    10
72.0    81
Name: response, dtype: int64"
616a1d5d62aca16697a19692,Rewarded Category,Animal
616a1d5d62aca16697a19692,End Survey,"{""Q0"":""very"",""Q1"":""just used my memory"",""Q2"":""3""}"
60dcdae92191e4a910e4f4f2,Overall PC,0.7627118644067796
60dcdae92191e4a910e4f4f2,Bonus,5.25
60dcdae92191e4a910e4f4f2,Rew Match Accuracy,0.9
60dcdae92191e4a910e4f4f2,Unrew Match Accuracy,0.9333333333333333
60dcdae92191e4a910e4f4f2,CR Overall,0.5251023486317604
60dcdae92191e4a910e4f4f2,CR Overall Rew,0.5423728813559322
60dcdae92191e4a910e4f4f2,CR Overall Unrew,0.5051724137931034
60dcdae92191e4a910e4f4f2,CR Ph1 Rew,0.5785310734463277
60dcdae92191e4a910e4f4f2,CR Ph1 Unrew,0.65
60dcdae92191e4a910e4f4f2,CR Ph2 Rew,0.5049678550555231
60dcdae92191e4a910e4f4f2,CR Ph2 Unrew,0.35
60dcdae92191e4a910e4f4f2,DP Overall,2.103056764663458
60dcdae92191e4a910e4f4f2,DP Overall Rew,2.1863961888676537
60dcdae92191e4a910e4f4f2,DP Overall Unrew,2.1070556153333526
60dcdae92191e4a910e4f4f2,DP Ph1 Rew,2.3411903688111293
60dcdae92191e4a910e4f4f2,DP Ph1 Unrew,2.5510025105394916
60dcdae92191e4a910e4f4f2,DP Ph2 Rew,2.047236886967904
60dcdae92191e4a910e4f4f2,DP Ph2 Unrew,1.702533354943902
60dcdae92191e4a910e4f4f2,Memory Test RT,3109.2114406766023
60dcdae92191e4a910e4f4f2,Memory Certainty Count,"0.0      17
12.0     32
24.0     64
48.0    112
60.0     10
72.0      1
Name: response, dtype: int64"
60dcdae92191e4a910e4f4f2,Memory Certainty Count Correct,"0.0     17
12.0    28
24.0    42
48.0    82
60.0    10
72.0     1
Name: response, dtype: int64"
60dcdae92191e4a910e4f4f2,Rewarded Category,Animal
60dcdae92191e4a910e4f4f2,End Survey,"{""Q0"":""Not particularly"",""Q1"":""Seeing what I remembered"",""Q2"":""3""}"
5f4c91ba4739668bccaa0d13,Overall PC,0.7791666666666667
5f4c91ba4739668bccaa0d13,Bonus,5.25
5f4c91ba4739668bccaa0d13,Rew Match Accuracy,0.9666666666666667
5f4c91ba4739668bccaa0d13,Unrew Match Accuracy,0.9333333333333333
5f4c91ba4739668bccaa0d13,CR Overall,0.5583333333333333
5f4c91ba4739668bccaa0d13,CR Overall Rew,0.5833333333333333
5f4c91ba4739668bccaa0d13,CR Overall Unrew,0.5333333333333333
5f4c91ba4739668bccaa0d13,CR Ph1 Rew,0.65
5f4c91ba4739668bccaa0d13,CR Ph1 Unrew,0.4666666666666667
5f4c91ba4739668bccaa0d13,CR Ph2 Rew,0.5166666666666666
5f4c91ba4739668bccaa0d13,CR Ph2 Unrew,0.6
5f4c91ba4739668bccaa0d13,DP Overall,2.337737867739504
5f4c91ba4739668bccaa0d13,DP Overall Rew,2.3309126172067214
5f4c91ba4739668bccaa0d13,DP Overall Unrew,2.426348367329433
5f4c91ba4739668bccaa0d13,DP Ph1 Rew,2.5510025105394916
5f4c91ba4739668bccaa0d13,DP Ph1 Unrew,2.2561714053470747
5f4c91ba4739668bccaa0d13,DP Ph2 Rew,2.1385007257781896
5f4c91ba4739668bccaa0d13,DP Ph2 Unrew,2.605470446029933
5f4c91ba4739668bccaa0d13,Memory Test RT,3126.920833333333
5f4c91ba4739668bccaa0d13,Memory Certainty Count,"0.0     59
12.0    24
24.0    10
48.0    17
60.0    58
72.0    72
Name: response, dtype: int64"
5f4c91ba4739668bccaa0d13,Memory Certainty Count Correct,"0.0     56
12.0    15
24.0     9
48.0    13
60.0    43
72.0    51
Name: response, dtype: int64"
5f4c91ba4739668bccaa0d13,Rewarded Category,Animal
5f4c91ba4739668bccaa0d13,End Survey,"{""Q0"":""Not very, I expected something like this."",""Q1"":""Gut feeling."",""Q2"":""4""}"
5c6bfbfc4cd4200001687ebc,Overall PC,0.7647058823529411
5c6bfbfc4cd4200001687ebc,Bonus,0
5c6bfbfc4cd4200001687ebc,Rew Match Accuracy,0.8666666666666667
5c6bfbfc4cd4200001687ebc,Unrew Match Accuracy,0.8666666666666667
5c6bfbfc4cd4200001687ebc,CR Overall,0.5294117647058824
5c6bfbfc4cd4200001687ebc,CR Overall Rew,0.5457627118644068
5c6bfbfc4cd4200001687ebc,CR Overall Unrew,0.5104519774011299
5c6bfbfc4cd4200001687ebc,CR Ph1 Rew,0.5457627118644068
5c6bfbfc4cd4200001687ebc,CR Ph1 Unrew,0.6166666666666666
5c6bfbfc4cd4200001687ebc,CR Ph2 Rew,0.5457627118644068
5c6bfbfc4cd4200001687ebc,CR Ph2 Unrew,0.40057471264367817
5c6bfbfc4cd4200001687ebc,DP Overall,2.1342298986107764
5c6bfbfc4cd4200001687ebc,DP Overall Rew,2.1742073667509456
5c6bfbfc4cd4200001687ebc,DP Overall Unrew,2.1874285089198544
5c6bfbfc4cd4200001687ebc,DP Ph1 Rew,2.1742073667509456
5c6bfbfc4cd4200001687ebc,DP Ph1 Unrew,2.4870668715196786
5c6bfbfc4cd4200001687ebc,DP Ph2 Rew,2.1742073667509456
5c6bfbfc4cd4200001687ebc,DP Ph2 Unrew,1.905280109862576
5c6bfbfc4cd4200001687ebc,Memory Test RT,2731.613445378152
5c6bfbfc4cd4200001687ebc,Memory Certainty Count,"0.0     57
12.0    25
24.0    25
48.0    21
60.0    15
72.0    95
Name: response, dtype: int64"
5c6bfbfc4cd4200001687ebc,Memory Certainty Count Correct,"0.0     50
12.0    18
24.0    17
48.0     9
60.0    13
72.0    75
Name: response, dtype: int64"
5c6bfbfc4cd4200001687ebc,Rewarded Category,Animal
5c6bfbfc4cd4200001687ebc,End Survey,"{""Q0"":""Very surprised, I thought it would be the same test as yesterday"",""Q1"":""Not sure if I had one. Relied on gut instinct on instantly seeing the picture as to whether I remembered a colour/distinctive feature "",""Q2"":""2""}"
60116f561c12820548f55e82,Overall PC,0.7166666666666667
60116f561c12820548f55e82,Bonus,5.25
60116f561c12820548f55e82,Rew Match Accuracy,0.9333333333333333
60116f561c12820548f55e82,Unrew Match Accuracy,0.9333333333333333
60116f561c12820548f55e82,CR Overall,0.43333333333333335
60116f561c12820548f55e82,CR Overall Rew,0.38333333333333336
60116f561c12820548f55e82,CR Overall Unrew,0.48333333333333334
60116f561c12820548f55e82,CR Ph1 Rew,0.5333333333333332
60116f561c12820548f55e82,CR Ph1 Unrew,0.6000000000000001
60116f561c12820548f55e82,CR Ph2 Rew,0.23333333333333334
60116f561c12820548f55e82,CR Ph2 Unrew,0.36666666666666664
60116f561c12820548f55e82,DP Overall,1.820554776594444
60116f561c12820548f55e82,DP Overall Rew,1.7186515543763996
60116f561c12820548f55e82,DP Overall Unrew,1.9787472035517573
60116f561c12820548f55e82,DP Ph1 Rew,2.135884175169272
60116f561c12820548f55e82,DP Ph1 Unrew,2.4782069617971034
60116f561c12820548f55e82,DP Ph2 Rew,1.3125155229833325
60116f561c12820548f55e82,DP Ph2 Unrew,1.6179572531260424
60116f561c12820548f55e82,Memory Test RT,2242.3624999999997
60116f561c12820548f55e82,Memory Certainty Count,"0.0     35
12.0    37
24.0    40
36.0     1
48.0    37
60.0    43
72.0    47
Name: response, dtype: int64"
60116f561c12820548f55e82,Memory Certainty Count Correct,"0.0     33
12.0    32
24.0    17
48.0    20
60.0    31
72.0    39
Name: response, dtype: int64"
60116f561c12820548f55e82,Rewarded Category,Animal
60116f561c12820548f55e82,End Survey,"{""Q0"":""Very"",""Q1"":""Tried to associate each picture with its opposite"",""Q2"":""2""}"
613b0b6df72be83b35d16c6c,Overall PC,0.6137339055793991
613b0b6df72be83b35d16c6c,Bonus,5.25
613b0b6df72be83b35d16c6c,Rew Match Accuracy,0.9333333333333333
613b0b6df72be83b35d16c6c,Unrew Match Accuracy,0.9333333333333333
613b0b6df72be83b35d16c6c,CR Overall,0.22883480825958702
613b0b6df72be83b35d16c6c,CR Overall Rew,0.2385057471264368
613b0b6df72be83b35d16c6c,CR Overall Unrew,0.21818181818181814
613b0b6df72be83b35d16c6c,CR Ph1 Rew,0.32183908045977005
613b0b6df72be83b35d16c6c,CR Ph1 Unrew,0.3181818181818181
613b0b6df72be83b35d16c6c,CR Ph2 Rew,0.15517241379310343
613b0b6df72be83b35d16c6c,CR Ph2 Unrew,0.11818181818181817
613b0b6df72be83b35d16c6c,DP Overall,1.2071384516363615
613b0b6df72be83b35d16c6c,DP Overall Rew,1.2388936678829416
613b0b6df72be83b35d16c6c,DP Overall Unrew,1.1729414337193513
613b0b6df72be83b35d16c6c,DP Ph1 Rew,1.4851404508995592
613b0b6df72be83b35d16c6c,DP Ph1 Unrew,1.4798112993098087
613b0b6df72be83b35d16c6c,DP Ph2 Rew,0.9771689637986468
613b0b6df72be83b35d16c6c,DP Ph2 Unrew,0.8378726542103215
613b0b6df72be83b35d16c6c,Memory Test RT,3119.324034334892
613b0b6df72be83b35d16c6c,Memory Certainty Count,"0.0     44
12.0    44
24.0    24
48.0    37
60.0    52
72.0    32
Name: response, dtype: int64"
613b0b6df72be83b35d16c6c,Memory Certainty Count Correct,"0.0     36
12.0    29
24.0     6
48.0    14
60.0    34
72.0    24
Name: response, dtype: int64"
613b0b6df72be83b35d16c6c,Rewarded Category,Animal
613b0b6df72be83b35d16c6c,End Survey,"{""Q0"":""Very"",""Q1"":""Tried to recall images that stood out from day 1"",""Q2"":""4""}"
5ede8dcc0c12011138e3b98d,Overall PC,0.6470588235294118
5ede8dcc0c12011138e3b98d,Bonus,0.25
5ede8dcc0c12011138e3b98d,Rew Match Accuracy,0.8333333333333334
5ede8dcc0c12011138e3b98d,Unrew Match Accuracy,0.9666666666666667
5ede8dcc0c12011138e3b98d,CR Overall,0.29364406779661023
5ede8dcc0c12011138e3b98d,CR Overall Rew,0.22183908045977008
5ede8dcc0c12011138e3b98d,CR Overall Unrew,0.36666666666666664
5ede8dcc0c12011138e3b98d,CR Ph1 Rew,0.32183908045977005
5ede8dcc0c12011138e3b98d,CR Ph1 Unrew,0.35000000000000003
5ede8dcc0c12011138e3b98d,CR Ph2 Rew,0.1218390804597701
5ede8dcc0c12011138e3b98d,CR Ph2 Unrew,0.38333333333333336
5ede8dcc0c12011138e3b98d,DP Overall,1.4041241259383674
5ede8dcc0c12011138e3b98d,DP Overall Rew,1.1887009864789415
5ede8dcc0c12011138e3b98d,DP Overall Unrew,1.6584648655807177
5ede8dcc0c12011138e3b98d,DP Ph1 Rew,1.4851404508995592
5ede8dcc0c12011138e3b98d,DP Ph1 Unrew,1.600341699999818
5ede8dcc0c12011138e3b98d,DP Ph2 Rew,0.8600246286866914
5ede8dcc0c12011138e3b98d,DP Ph2 Unrew,1.7186515543763996
5ede8dcc0c12011138e3b98d,Memory Test RT,2902.0777310925623
5ede8dcc0c12011138e3b98d,Memory Certainty Count,"0.0     52
12.0    45
24.0    29
48.0    56
60.0    41
72.0    15
Name: response, dtype: int64"
5ede8dcc0c12011138e3b98d,Memory Certainty Count Correct,"0.0     40
12.0    29
24.0    12
48.0    29
60.0    32
72.0    12
Name: response, dtype: int64"
5ede8dcc0c12011138e3b98d,Rewarded Category,Animal
5ede8dcc0c12011138e3b98d,End Survey,"{""Q0"":""Not surprised at all really"",""Q1"":""I mostly remembered things by colour "",""Q2"":""5""}"
616d3b14f8c601f7bc77a159,Overall PC,0.5941422594142259
616d3b14f8c601f7bc77a159,Bonus,5.25
616d3b14f8c601f7bc77a159,Rew Match Accuracy,0.9333333333333333
616d3b14f8c601f7bc77a159,Unrew Match Accuracy,0.9333333333333333
616d3b14f8c601f7bc77a159,CR Overall,0.18900560224089635
616d3b14f8c601f7bc77a159,CR Overall Rew,0.35000000000000003
616d3b14f8c601f7bc77a159,CR Overall Unrew,0.025988700564971767
616d3b14f8c601f7bc77a159,CR Ph1 Rew,0.49999999999999994
616d3b14f8c601f7bc77a159,CR Ph1 Unrew,0.05932203389830509
616d3b14f8c601f7bc77a159,CR Ph2 Rew,0.2
616d3b14f8c601f7bc77a159,CR Ph2 Unrew,-0.007344632768361559
616d3b14f8c601f7bc77a159,DP Overall,1.0950514700601932
616d3b14f8c601f7bc77a159,DP Overall Rew,1.6306773518973654
616d3b14f8c601f7bc77a159,DP Overall Unrew,0.3803610077558811
616d3b14f8c601f7bc77a159,DP Ph1 Rew,2.0371480742175563
616d3b14f8c601f7bc77a159,DP Ph1 Unrew,0.5795562829588958
616d3b14f8c601f7bc77a159,DP Ph2 Rew,1.213685353443194
616d3b14f8c601f7bc77a159,DP Ph2 Unrew,-0.2016276460840691
616d3b14f8c601f7bc77a159,Memory Test RT,3328.258995816548
616d3b14f8c601f7bc77a159,Memory Certainty Count,"0.0     29
12.0    58
24.0    12
36.0     1
48.0    25
60.0    68
72.0    46
Name: response, dtype: int64"
616d3b14f8c601f7bc77a159,Memory Certainty Count Correct,"0.0     26
12.0    31
24.0     4
48.0     9
60.0    39
72.0    33
Name: response, dtype: int64"
616d3b14f8c601f7bc77a159,Rewarded Category,Object
616d3b14f8c601f7bc77a159,End Survey,"{""Q0"":""I was surprised, didn't expect it to be on memory"",""Q1"":""Trying to think if i recognised the image  if i did it was from yesterday "",""Q2"":""4""}"
5c73d77c4b6251000107a5c2,Overall PC,0.6485355648535565
5c73d77c4b6251000107a5c2,Bonus,5.25
5c73d77c4b6251000107a5c2,Rew Match Accuracy,0.9333333333333333
5c73d77c4b6251000107a5c2,Unrew Match Accuracy,0.9666666666666667
5c73d77c4b6251000107a5c2,CR Overall,0.29936974789915966
5c73d77c4b6251000107a5c2,CR Overall Rew,0.25
5c73d77c4b6251000107a5c2,CR Overall Unrew,0.3480225988700565
5c73d77c4b6251000107a5c2,CR Ph1 Rew,0.4
5c73d77c4b6251000107a5c2,CR Ph1 Unrew,0.3813559322033898
5c73d77c4b6251000107a5c2,CR Ph2 Rew,0.1
5c73d77c4b6251000107a5c2,CR Ph2 Unrew,0.31468926553672316
5c73d77c4b6251000107a5c2,DP Overall,1.7847640545162744
5c73d77c4b6251000107a5c2,DP Overall Rew,1.9314377356898431
5c73d77c4b6251000107a5c2,DP Overall Unrew,1.7660202908527263
5c73d77c4b6251000107a5c2,DP Ph1 Rew,2.3375904842718476
5c73d77c4b6251000107a5c2,DP Ph1 Unrew,1.8513283777043914
5c73d77c4b6251000107a5c2,DP Ph2 Rew,1.3680742374216344
5c73d77c4b6251000107a5c2,DP Ph2 Unrew,1.679206543772137
5c73d77c4b6251000107a5c2,Memory Test RT,2050.305439330543
5c73d77c4b6251000107a5c2,Memory Certainty Count,"0.0      43
12.0      7
24.0      4
60.0     24
72.0    161
Name: response, dtype: int64"
5c73d77c4b6251000107a5c2,Memory Certainty Count Correct,"0.0     37
12.0     5
24.0     3
60.0    13
72.0    97
Name: response, dtype: int64"
5c73d77c4b6251000107a5c2,Rewarded Category,Animal
5c73d77c4b6251000107a5c2,End Survey,"{""Q0"":""Not very surprised."",""Q1"":""I didn't have a strategy â€“ I remembered the visuals from the test yesterday when they appeared in the memory test."",""Q2"":""3""}"
5f38251e3cec500d267efb92,Overall PC,0.8333333333333334
5f38251e3cec500d267efb92,Bonus,5.25
5f38251e3cec500d267efb92,Rew Match Accuracy,1.0
5f38251e3cec500d267efb92,Unrew Match Accuracy,0.9
5f38251e3cec500d267efb92,CR Overall,0.6666666666666667
5f38251e3cec500d267efb92,CR Overall Rew,0.7166666666666667
5f38251e3cec500d267efb92,CR Overall Unrew,0.6166666666666667
5f38251e3cec500d267efb92,CR Ph1 Rew,0.8666666666666667
5f38251e3cec500d267efb92,CR Ph1 Unrew,0.7666666666666667
5f38251e3cec500d267efb92,CR Ph2 Rew,0.5666666666666667
5f38251e3cec500d267efb92,CR Ph2 Unrew,0.4666666666666667
5f38251e3cec500d267efb92,DP Overall,2.684480629554784
5f38251e3cec500d267efb92,DP Overall Rew,3.204541077723417
5f38251e3cec500d267efb92,DP Overall Unrew,2.4228182462598684
5f38251e3cec500d267efb92,DP Ph1 Rew,3.87314838603376
5f38251e3cec500d267efb92,DP Ph1 Unrew,3.1620413449589653
5f38251e3cec500d267efb92,DP Ph2 Rew,2.764082703734077
5f38251e3cec500d267efb92,DP Ph2 Unrew,1.9789640461663862
5f38251e3cec500d267efb92,Memory Test RT,2412.310833330949
5f38251e3cec500d267efb92,Memory Certainty Count,"0.0     77
12.0    17
24.0    10
48.0    47
60.0    54
72.0    35
Name: response, dtype: int64"
5f38251e3cec500d267efb92,Memory Certainty Count Correct,"0.0     74
12.0    14
24.0     4
48.0    32
60.0    43
72.0    33
Name: response, dtype: int64"
5f38251e3cec500d267efb92,Rewarded Category,Object
5f38251e3cec500d267efb92,End Survey,"{""Q0"":""I was moderately surprised by the memory test"",""Q1"":""I did not have a strategy, I just tried to see if I recognised the pictures"",""Q2"":""3""}"
6050835a7dbf1e0d8bef47d0,Overall PC,0.6485355648535565
6050835a7dbf1e0d8bef47d0,Bonus,5.25
6050835a7dbf1e0d8bef47d0,Rew Match Accuracy,0.9
6050835a7dbf1e0d8bef47d0,Unrew Match Accuracy,0.9333333333333333
6050835a7dbf1e0d8bef47d0,CR Overall,0.29859943977591036
6050835a7dbf1e0d8bef47d0,CR Overall Rew,0.25
6050835a7dbf1e0d8bef47d0,CR Overall Unrew,0.34689265536723163
6050835a7dbf1e0d8bef47d0,CR Ph1 Rew,0.25
6050835a7dbf1e0d8bef47d0,CR Ph1 Unrew,0.280225988700565
6050835a7dbf1e0d8bef47d0,CR Ph2 Rew,0.25
6050835a7dbf1e0d8bef47d0,CR Ph2 Unrew,0.4135593220338983
6050835a7dbf1e0d8bef47d0,DP Overall,1.5366994343154186
6050835a7dbf1e0d8bef47d0,DP Overall Rew,1.4341857934875735
6050835a7dbf1e0d8bef47d0,DP Overall Unrew,1.6384683925490533
6050835a7dbf1e0d8bef47d0,DP Ph1 Rew,1.4341857934875735
6050835a7dbf1e0d8bef47d0,DP Ph1 Unrew,1.460690944452439
6050835a7dbf1e0d8bef47d0,DP Ph2 Rew,1.4341857934875735
6050835a7dbf1e0d8bef47d0,DP Ph2 Unrew,1.8133273387822832
6050835a7dbf1e0d8bef47d0,Memory Test RT,2659.4100418410044
6050835a7dbf1e0d8bef47d0,Memory Certainty Count,"0.0     24
12.0    16
24.0    36
48.0    41
60.0    84
72.0    38
Name: response, dtype: int64"
6050835a7dbf1e0d8bef47d0,Memory Certainty Count Correct,"0.0     24
12.0    13
24.0    19
48.0    13
60.0    57
72.0    29
Name: response, dtype: int64"
6050835a7dbf1e0d8bef47d0,Rewarded Category,Object
6050835a7dbf1e0d8bef47d0,End Survey,"{""Q0"":""Farily suprised, I did not think what task I would face today"",""Q1"":""I tried to recall in my mind what I saw previously. "",""Q2"":""5""}"
61519eceaf231230643bf336,Overall PC,0.620253164556962
61519eceaf231230643bf336,Bonus,5.25
61519eceaf231230643bf336,Rew Match Accuracy,0.9333333333333333
61519eceaf231230643bf336,Unrew Match Accuracy,0.9666666666666667
61519eceaf231230643bf336,CR Overall,0.24077766699900305
61519eceaf231230643bf336,CR Overall Rew,0.1942528735632184
61519eceaf231230643bf336,CR Overall Unrew,0.29689265536723164
61519eceaf231230643bf336,CR Ph1 Rew,0.2333333333333334
61519eceaf231230643bf336,CR Ph1 Unrew,0.280225988700565
61519eceaf231230643bf336,CR Ph2 Rew,0.1523809523809524
61519eceaf231230643bf336,CR Ph2 Unrew,0.3135593220338983
61519eceaf231230643bf336,DP Overall,1.2452483925035038
61519eceaf231230643bf336,DP Overall Rew,1.2321396496836476
61519eceaf231230643bf336,DP Overall Unrew,1.5058367901559804
61519eceaf231230643bf336,DP Ph1 Rew,1.4199460580856271
61519eceaf231230643bf336,DP Ph1 Unrew,1.460690944452439
61519eceaf231230643bf336,DP Ph2 Rew,1.044954814704301
61519eceaf231230643bf336,DP Ph2 Unrew,1.5504270818311023
61519eceaf231230643bf336,Memory Test RT,2522.0451476793373
61519eceaf231230643bf336,Memory Certainty Count,"0.0     25
12.0    28
24.0    73
48.0    79
60.0    31
72.0     1
Name: response, dtype: int64"
61519eceaf231230643bf336,Memory Certainty Count Correct,"0.0     25
12.0    24
24.0    28
48.0    46
60.0    23
72.0     1
Name: response, dtype: int64"
61519eceaf231230643bf336,Rewarded Category,Animal
61519eceaf231230643bf336,End Survey,"{""Q0"":""Fairly surprised"",""Q1"":""Could only remember a few so went with my gut on if I'd seen them before."",""Q2"":""4""}"
61487f15ed600720f3ad240b,Overall PC,0.6289592760180995
61487f15ed600720f3ad240b,Bonus,5.25
61487f15ed600720f3ad240b,Rew Match Accuracy,0.9
61487f15ed600720f3ad240b,Unrew Match Accuracy,0.9666666666666667
61487f15ed600720f3ad240b,CR Overall,0.2629119527791442
61487f15ed600720f3ad240b,CR Overall Rew,0.30320150659133716
61487f15ed600720f3ad240b,CR Overall Unrew,0.22332761578044596
61487f15ed600720f3ad240b,CR Ph1 Rew,0.37777777777777777
61487f15ed600720f3ad240b,CR Ph1 Unrew,0.21293800539083557
61487f15ed600720f3ad240b,CR Ph2 Rew,0.22605363984674332
61487f15ed600720f3ad240b,CR Ph2 Unrew,0.23410202655485673
61487f15ed600720f3ad240b,DP Overall,1.3269958618975024
61487f15ed600720f3ad240b,DP Overall Rew,1.4834481827967398
61487f15ed600720f3ad240b,DP Overall Unrew,1.1908789817716903
61487f15ed600720f3ad240b,DP Ph1 Rew,1.6835173492989868
61487f15ed600720f3ad240b,DP Ph1 Unrew,1.1590179031708112
61487f15ed600720f3ad240b,DP Ph2 Rew,1.267842212630899
61487f15ed600720f3ad240b,DP Ph2 Unrew,1.2236252438855644
61487f15ed600720f3ad240b,Memory Test RT,3050.342533936644
61487f15ed600720f3ad240b,Memory Certainty Count,"0.0      5
12.0    20
24.0    69
48.0    88
60.0    39
Name: response, dtype: int64"
61487f15ed600720f3ad240b,Memory Certainty Count Correct,"0.0      2
12.0    16
24.0    45
48.0    49
60.0    27
Name: response, dtype: int64"
61487f15ed600720f3ad240b,Rewarded Category,Animal
61487f15ed600720f3ad240b,End Survey,"{""Q0"":""not super surprised"",""Q1"":""didnt use one but recognised some because they were memorable"",""Q2"":""2""}"
610999781785d28c94cc0ce3,Overall PC,0.7447698744769874
610999781785d28c94cc0ce3,Bonus,0.25
610999781785d28c94cc0ce3,Rew Match Accuracy,0.8333333333333334
610999781785d28c94cc0ce3,Unrew Match Accuracy,0.9333333333333333
610999781785d28c94cc0ce3,CR Overall,0.4896358543417366
610999781785d28c94cc0ce3,CR Overall Rew,0.47994350282485876
610999781785d28c94cc0ce3,CR Overall Unrew,0.5
610999781785d28c94cc0ce3,CR Ph1 Rew,0.49661016949152537
610999781785d28c94cc0ce3,CR Ph1 Unrew,0.5833333333333334
610999781785d28c94cc0ce3,CR Ph2 Rew,0.46327683615819204
610999781785d28c94cc0ce3,CR Ph2 Unrew,0.41666666666666663
610999781785d28c94cc0ce3,DP Overall,1.988286703863477
610999781785d28c94cc0ce3,DP Overall Rew,1.977452745076956
610999781785d28c94cc0ce3,DP Overall Unrew,2.0275583202249265
610999781785d28c94cc0ce3,DP Ph1 Rew,2.0250549773457065
610999781785d28c94cc0ce3,DP Ph1 Unrew,2.355358263094279
610999781785d28c94cc0ce3,DP Ph2 Rew,1.9307861279553875
610999781785d28c94cc0ce3,DP Ph2 Unrew,1.7652287449028206
610999781785d28c94cc0ce3,Memory Test RT,3399.7138075269913
610999781785d28c94cc0ce3,Memory Certainty Count,"0.0     43
12.0    35
24.0    39
48.0    55
60.0    49
72.0    18
Name: response, dtype: int64"
610999781785d28c94cc0ce3,Memory Certainty Count Correct,"0.0     40
12.0    28
24.0    20
48.0    32
60.0    41
72.0    17
Name: response, dtype: int64"
610999781785d28c94cc0ce3,Rewarded Category,Object
610999781785d28c94cc0ce3,End Survey,"{""Q0"":""Somewhat"",""Q1"":""Mainly recognising colours for the objects, I found the animals easier to recognise"",""Q2"":""4""}"
614063897682ffe008db09f0,Overall PC,0.6708333333333333
614063897682ffe008db09f0,Bonus,5.25
614063897682ffe008db09f0,Rew Match Accuracy,0.9333333333333333
614063897682ffe008db09f0,Unrew Match Accuracy,1.0
614063897682ffe008db09f0,CR Overall,0.3416666666666667
614063897682ffe008db09f0,CR Overall Rew,0.2833333333333334
614063897682ffe008db09f0,CR Overall Unrew,0.39999999999999997
614063897682ffe008db09f0,CR Ph1 Rew,0.3
614063897682ffe008db09f0,CR Ph1 Unrew,0.49999999999999994
614063897682ffe008db09f0,CR Ph2 Rew,0.26666666666666666
614063897682ffe008db09f0,CR Ph2 Unrew,0.3
614063897682ffe008db09f0,DP Overall,1.591824347050839
614063897682ffe008db09f0,DP Overall Rew,1.4195356218085327
614063897682ffe008db09f0,DP Overall Unrew,1.7627692904717474
614063897682ffe008db09f0,DP Ph1 Rew,1.465165242720083
614063897682ffe008db09f0,DP Ph1 Unrew,2.0371480742175563
614063897682ffe008db09f0,DP Ph2 Rew,1.3733841251676997
614063897682ffe008db09f0,DP Ph2 Unrew,1.4975934557905362
614063897682ffe008db09f0,Memory Test RT,2422.6408333333334
614063897682ffe008db09f0,Memory Certainty Count,"0.0     40
12.0    35
24.0    18
48.0    15
60.0    73
72.0    59
Name: response, dtype: int64"
614063897682ffe008db09f0,Memory Certainty Count Correct,"0.0     37
12.0    19
24.0    11
48.0    11
60.0    49
72.0    34
Name: response, dtype: int64"
614063897682ffe008db09f0,Rewarded Category,Object
614063897682ffe008db09f0,End Survey,"{""Q0"":""Very suprised"",""Q1"":""I tried to think of the images which stood out. For a lot of the tools images they looked similar to that was a lot of guesswork."",""Q2"":""5""}"
608ac99a4418e6fbfb2be790,Overall PC,0.7394957983193278
608ac99a4418e6fbfb2be790,Bonus,5.25
608ac99a4418e6fbfb2be790,Rew Match Accuracy,0.9666666666666667
608ac99a4418e6fbfb2be790,Unrew Match Accuracy,0.9333333333333333
608ac99a4418e6fbfb2be790,CR Overall,0.4789915966386555
608ac99a4418e6fbfb2be790,CR Overall Rew,0.5276836158192091
608ac99a4418e6fbfb2be790,CR Overall Unrew,0.4276836158192091
608ac99a4418e6fbfb2be790,CR Ph1 Rew,0.5666666666666667
608ac99a4418e6fbfb2be790,CR Ph1 Unrew,0.49435028248587576
608ac99a4418e6fbfb2be790,CR Ph2 Rew,0.4873563218390805
608ac99a4418e6fbfb2be790,CR Ph2 Unrew,0.36101694915254234
608ac99a4418e6fbfb2be790,DP Overall,1.9581789423411537
608ac99a4418e6fbfb2be790,DP Overall Rew,2.1973993322645877
608ac99a4418e6fbfb2be790,DP Overall Unrew,1.8120198409330848
608ac99a4418e6fbfb2be790,DP Ph1 Rew,2.306675182989952
608ac99a4418e6fbfb2be790,DP Ph1 Unrew,2.053842606050412
608ac99a4418e6fbfb2be790,DP Ph2 Rew,2.089332021207142
608ac99a4418e6fbfb2be790,DP Ph2 Unrew,1.6017069454676351
608ac99a4418e6fbfb2be790,Memory Test RT,3322.75798319349
608ac99a4418e6fbfb2be790,Memory Certainty Count,"0.0     37
12.0    55
24.0    21
48.0    20
60.0    71
72.0    34
Name: response, dtype: int64"
608ac99a4418e6fbfb2be790,Memory Certainty Count Correct,"0.0     35
12.0    40
24.0    10
48.0    11
60.0    51
72.0    29
Name: response, dtype: int64"
608ac99a4418e6fbfb2be790,Rewarded Category,Object
608ac99a4418e6fbfb2be790,End Survey,"{""Q0"":""not very surprised "",""Q1"":""any pictures I had a pang of recognition towards, I would highlight in the old scale  "",""Q2"":""3""}"
61432c4d120d522fec8a492f,Overall PC,0.7833333333333333
61432c4d120d522fec8a492f,Bonus,5
61432c4d120d522fec8a492f,Rew Match Accuracy,1.0
61432c4d120d522fec8a492f,Unrew Match Accuracy,0.7666666666666667
61432c4d120d522fec8a492f,CR Overall,0.5666666666666667
61432c4d120d522fec8a492f,CR Overall Rew,0.6
61432c4d120d522fec8a492f,CR Overall Unrew,0.5333333333333333
61432c4d120d522fec8a492f,CR Ph1 Rew,0.7166666666666667
61432c4d120d522fec8a492f,CR Ph1 Unrew,0.5833333333333334
61432c4d120d522fec8a492f,CR Ph2 Rew,0.4833333333333333
61432c4d120d522fec8a492f,CR Ph2 Unrew,0.4833333333333334
61432c4d120d522fec8a492f,DP Overall,2.2409541200433316
61432c4d120d522fec8a492f,DP Overall Rew,2.4367580076124407
61432c4d120d522fec8a492f,DP Overall Unrew,2.1470509930110193
61432c4d120d522fec8a492f,DP Ph1 Rew,2.8381669825234552
61432c4d120d522fec8a492f,DP Ph1 Unrew,2.355358263094279
61432c4d120d522fec8a492f,DP Ph2 Rew,2.1164764362197306
61432c4d120d522fec8a492f,DP Ph2 Unrew,1.9716822114179762
61432c4d120d522fec8a492f,Memory Test RT,2564.8150000000683
61432c4d120d522fec8a492f,Memory Certainty Count,"0.0     69
12.0    40
24.0     7
48.0    13
60.0    23
72.0    88
Name: response, dtype: int64"
61432c4d120d522fec8a492f,Memory Certainty Count Correct,"0.0     61
12.0    27
24.0     4
48.0    10
60.0    13
72.0    73
Name: response, dtype: int64"
61432c4d120d522fec8a492f,Rewarded Category,Object
61432c4d120d522fec8a492f,End Survey,"{""Q0"":""Not very!"",""Q1"":""I pictured what block colours or unusual aspects I had seen yesterday"",""Q2"":""3""}"
616eb29a56bf18bd39834b77,Overall PC,0.6596638655462185
616eb29a56bf18bd39834b77,Bonus,0.25
616eb29a56bf18bd39834b77,Rew Match Accuracy,0.8666666666666667
616eb29a56bf18bd39834b77,Unrew Match Accuracy,0.9333333333333333
616eb29a56bf18bd39834b77,CR Overall,0.319327731092437
616eb29a56bf18bd39834b77,CR Overall Rew,0.12514124293785306
616eb29a56bf18bd39834b77,CR Overall Unrew,0.5141242937853107
616eb29a56bf18bd39834b77,CR Ph1 Rew,0.16839080459770112
616eb29a56bf18bd39834b77,CR Ph1 Unrew,0.48079096045197733
616eb29a56bf18bd39834b77,CR Ph2 Rew,0.08333333333333331
616eb29a56bf18bd39834b77,CR Ph2 Unrew,0.547457627118644
616eb29a56bf18bd39834b77,DP Overall,1.4949134780376248
616eb29a56bf18bd39834b77,DP Overall Rew,0.8634087071484835
616eb29a56bf18bd39834b77,DP Overall Unrew,2.127645312099922
616eb29a56bf18bd39834b77,DP Ph1 Rew,1.0135547912403253
616eb29a56bf18bd39834b77,DP Ph1 Unrew,2.037412387199648
616eb29a56bf18bd39834b77,DP Ph2 Rew,0.6978625754107053
616eb29a56bf18bd39834b77,DP Ph2 Unrew,2.2213950059926524
616eb29a56bf18bd39834b77,Memory Test RT,2656.436554622437
616eb29a56bf18bd39834b77,Memory Certainty Count,"0.0     33
12.0    19
24.0    50
48.0    72
60.0    28
72.0    36
Name: response, dtype: int64"
616eb29a56bf18bd39834b77,Memory Certainty Count Correct,"0.0     32
12.0    16
24.0    22
48.0    44
60.0    19
72.0    24
Name: response, dtype: int64"
616eb29a56bf18bd39834b77,Rewarded Category,Object
616eb29a56bf18bd39834b77,End Survey,"{""Q0"":""Surprised i could remember as many as I could"",""Q1"":""I don't think i really used any, not consciously anyway, perhaps I focussed on particular features on more plain objects whereas animals seemed a bit easier"",""Q2"":""4""}"
614a1be7f1ad0e74e64b14e1,Overall PC,0.899581589958159
614a1be7f1ad0e74e64b14e1,Bonus,5.25
614a1be7f1ad0e74e64b14e1,Rew Match Accuracy,0.9666666666666667
614a1be7f1ad0e74e64b14e1,Unrew Match Accuracy,0.9
614a1be7f1ad0e74e64b14e1,CR Overall,0.7992997198879551
614a1be7f1ad0e74e64b14e1,CR Overall Rew,0.8166666666666667
614a1be7f1ad0e74e64b14e1,CR Overall Unrew,0.7816384180790961
614a1be7f1ad0e74e64b14e1,CR Ph1 Rew,0.8333333333333334
614a1be7f1ad0e74e64b14e1,CR Ph1 Unrew,0.8649717514124293
614a1be7f1ad0e74e64b14e1,CR Ph2 Rew,0.8
614a1be7f1ad0e74e64b14e1,CR Ph2 Unrew,0.6983050847457628
614a1be7f1ad0e74e64b14e1,DP Overall,3.2707739749328297
614a1be7f1ad0e74e64b14e1,DP Overall Rew,3.4033681031781433
614a1be7f1ad0e74e64b14e1,DP Overall Unrew,3.1570053038730097
614a1be7f1ad0e74e64b14e1,DP Ph1 Rew,3.5014603355953744
614a1be7f1ad0e74e64b14e1,DP Ph1 Unrew,3.862261027154711
614a1be7f1ad0e74e64b14e1,DP Ph2 Rew,3.315559672704121
614a1be7f1ad0e74e64b14e1,DP Ph2 Unrew,2.7911150447152133
614a1be7f1ad0e74e64b14e1,Memory Test RT,2294.3192468619254
614a1be7f1ad0e74e64b14e1,Memory Certainty Count,"0.0     72
12.0    32
24.0    12
48.0    33
60.0    56
72.0    34
Name: response, dtype: int64"
614a1be7f1ad0e74e64b14e1,Memory Certainty Count Correct,"0.0     70
12.0    30
24.0     6
48.0    28
60.0    50
72.0    31
Name: response, dtype: int64"
614a1be7f1ad0e74e64b14e1,Rewarded Category,Object
614a1be7f1ad0e74e64b14e1,End Survey,"{""Q0"":""Not especially, I think I recognised the right answer over 50% of the time"",""Q1"":""just simple recal, I said the name of the picture in my head and even out loud sometimes when I was doing the initial game"",""Q2"":""4""}"
614832801e7e76fad68d95fb,Overall PC,0.7458333333333333
614832801e7e76fad68d95fb,Bonus,5.25
614832801e7e76fad68d95fb,Rew Match Accuracy,0.9
614832801e7e76fad68d95fb,Unrew Match Accuracy,0.9666666666666667
614832801e7e76fad68d95fb,CR Overall,0.49166666666666664
614832801e7e76fad68d95fb,CR Overall Rew,0.4666666666666666
614832801e7e76fad68d95fb,CR Overall Unrew,0.5166666666666666
614832801e7e76fad68d95fb,CR Ph1 Rew,0.5333333333333334
614832801e7e76fad68d95fb,CR Ph1 Unrew,0.6000000000000001
614832801e7e76fad68d95fb,CR Ph2 Rew,0.39999999999999997
614832801e7e76fad68d95fb,CR Ph2 Unrew,0.4333333333333333
614832801e7e76fad68d95fb,DP Overall,1.9966219674894479
614832801e7e76fad68d95fb,DP Overall Rew,1.9227237896712237
614832801e7e76fad68d95fb,DP Overall Unrew,2.073636821012747
614832801e7e76fad68d95fb,DP Ph1 Rew,2.1271537051208878
614832801e7e76fad68d95fb,DP Ph1 Unrew,2.3669910589066636
614832801e7e76fad68d95fb,DP Ph2 Rew,1.7357029243344464
614832801e7e76fad68d95fb,DP Ph2 Unrew,1.827793664796058
614832801e7e76fad68d95fb,Memory Test RT,2792.032083334991
614832801e7e76fad68d95fb,Memory Certainty Count,"0.0     52
12.0    28
24.0    35
48.0    53
60.0    46
72.0    26
Name: response, dtype: int64"
614832801e7e76fad68d95fb,Memory Certainty Count Correct,"0.0     52
12.0    20
24.0    15
48.0    33
60.0    38
72.0    21
Name: response, dtype: int64"
614832801e7e76fad68d95fb,Rewarded Category,Animal
614832801e7e76fad68d95fb,End Survey,"{""Q0"":""A little but not completely "",""Q1"":""Taking my first instinct as to whether I recognised the image "",""Q2"":""5""}"
615c17dac17d529070394f43,Overall PC,0.9125
615c17dac17d529070394f43,Bonus,5.25
615c17dac17d529070394f43,Rew Match Accuracy,0.9666666666666667
615c17dac17d529070394f43,Unrew Match Accuracy,1.0
615c17dac17d529070394f43,CR Overall,0.825
615c17dac17d529070394f43,CR Overall Rew,0.8166666666666667
615c17dac17d529070394f43,CR Overall Unrew,0.8333333333333334
615c17dac17d529070394f43,CR Ph1 Rew,0.85
615c17dac17d529070394f43,CR Ph1 Unrew,0.7666666666666667
615c17dac17d529070394f43,CR Ph2 Rew,0.7833333333333333
615c17dac17d529070394f43,CR Ph2 Unrew,0.9
615c17dac17d529070394f43,DP Overall,3.450940781906627
615c17dac17d529070394f43,DP Overall Rew,3.4033681031781464
615c17dac17d529070394f43,DP Overall Unrew,3.5014603355953744
615c17dac17d529070394f43,DP Ph1 Rew,3.7717437090063917
615c17dac17d529070394f43,DP Ph1 Unrew,3.0813615633194096
615c17dac17d529070394f43,DP Ph2 Rew,3.167209410623692
615c17dac17d529070394f43,DP Ph2 Unrew,4.4433731571589945
615c17dac17d529070394f43,Memory Test RT,2069.222916666721
615c17dac17d529070394f43,Memory Certainty Count,"0.0     125
72.0    115
Name: response, dtype: int64"
615c17dac17d529070394f43,Memory Certainty Count Correct,"0.0     112
72.0    107
Name: response, dtype: int64"
615c17dac17d529070394f43,Rewarded Category,Object
615c17dac17d529070394f43,End Survey,"{""Q0"":""Surprised how much I think I remembered "",""Q1"":""stare at the centre and use colour as first response"",""Q2"":""4""}"
5996ec910ed7ae0001991755,Overall PC,0.9451476793248945
5996ec910ed7ae0001991755,Bonus,5.25
5996ec910ed7ae0001991755,Rew Match Accuracy,1.0
5996ec910ed7ae0001991755,Unrew Match Accuracy,0.9666666666666667
5996ec910ed7ae0001991755,CR Overall,0.8908119658119659
5996ec910ed7ae0001991755,CR Overall Rew,0.8649425287356322
5996ec910ed7ae0001991755,CR Overall Unrew,0.9163841807909605
5996ec910ed7ae0001991755,CR Ph1 Rew,0.8149425287356322
5996ec910ed7ae0001991755,CR Ph1 Unrew,0.9163841807909605
5996ec910ed7ae0001991755,CR Ph2 Rew,0.9149425287356322
5996ec910ed7ae0001991755,CR Ph2 Unrew,0.9163841807909605
5996ec910ed7ae0001991755,DP Overall,4.040577691618554
5996ec910ed7ae0001991755,DP Overall Rew,3.755578967032252
5996ec910ed7ae0001991755,DP Overall Unrew,4.460428411226351
5996ec910ed7ae0001991755,DP Ph1 Rew,3.453790293862127
5996ec910ed7ae0001991755,DP Ph1 Unrew,4.460428411226351
5996ec910ed7ae0001991755,DP Ph2 Rew,4.272554100824366
5996ec910ed7ae0001991755,DP Ph2 Unrew,4.460428411226351
5996ec910ed7ae0001991755,Memory Test RT,3983.1729957805906
5996ec910ed7ae0001991755,Memory Certainty Count,"0.0     67
12.0    29
24.0    19
48.0    32
60.0    36
72.0    54
Name: response, dtype: int64"
5996ec910ed7ae0001991755,Memory Certainty Count Correct,"0.0     67
12.0    29
24.0    15
48.0    29
60.0    32
72.0    52
Name: response, dtype: int64"
5996ec910ed7ae0001991755,Rewarded Category,Object
5996ec910ed7ae0001991755,End Survey,"{""Q0"":""not too surprised"",""Q1"":""i tried to remember 'remembering' the images"",""Q2"":""4""}"
6164b52a49d266694dc0c986,Overall PC,0.7740585774058577
6164b52a49d266694dc0c986,Bonus,5.25
6164b52a49d266694dc0c986,Rew Match Accuracy,0.9333333333333333
6164b52a49d266694dc0c986,Unrew Match Accuracy,0.9333333333333333
6164b52a49d266694dc0c986,CR Overall,0.5478291316526611
6164b52a49d266694dc0c986,CR Overall Rew,0.4166666666666667
6164b52a49d266694dc0c986,CR Overall Unrew,0.6799435028248587
6164b52a49d266694dc0c986,CR Ph1 Rew,0.5
6164b52a49d266694dc0c986,CR Ph1 Unrew,0.8166666666666667
6164b52a49d266694dc0c986,CR Ph2 Rew,0.3333333333333333
6164b52a49d266694dc0c986,CR Ph2 Unrew,0.5385057471264367
6164b52a49d266694dc0c986,DP Overall,2.1849417564179623
6164b52a49d266694dc0c986,DP Overall Rew,1.7678906753927193
6164b52a49d266694dc0c986,DP Overall Unrew,2.6966525751949826
6164b52a49d266694dc0c986,DP Ph1 Rew,2.0219065464135335
6164b52a49d266694dc0c986,DP Ph1 Unrew,3.4033681031781464
6164b52a49d266694dc0c986,DP Ph2 Rew,1.5346686112553187
6164b52a49d266694dc0c986,DP Ph2 Unrew,2.2625796615602525
6164b52a49d266694dc0c986,Memory Test RT,2565.905020919804
6164b52a49d266694dc0c986,Memory Certainty Count,"0.0     44
12.0    29
24.0    38
48.0    86
60.0    36
72.0     6
Name: response, dtype: int64"
6164b52a49d266694dc0c986,Memory Certainty Count Correct,"0.0     40
12.0    26
24.0    22
48.0    60
60.0    33
72.0     4
Name: response, dtype: int64"
6164b52a49d266694dc0c986,Rewarded Category,Animal
6164b52a49d266694dc0c986,End Survey,"{""Q0"":""Some imaged popped out more than other which was surprising"",""Q1"":""no strategy, tried to remember colours mores"",""Q2"":""4""}"
6027ffc8f5361f64d504ae36,Overall PC,0.6625
6027ffc8f5361f64d504ae36,Bonus,5.25
6027ffc8f5361f64d504ae36,Rew Match Accuracy,0.9333333333333333
6027ffc8f5361f64d504ae36,Unrew Match Accuracy,1.0
6027ffc8f5361f64d504ae36,CR Overall,0.325
6027ffc8f5361f64d504ae36,CR Overall Rew,0.39999999999999997
6027ffc8f5361f64d504ae36,CR Overall Unrew,0.25000000000000006
6027ffc8f5361f64d504ae36,CR Ph1 Rew,0.5
6027ffc8f5361f64d504ae36,CR Ph1 Unrew,0.23333333333333334
6027ffc8f5361f64d504ae36,CR Ph2 Rew,0.3
6027ffc8f5361f64d504ae36,CR Ph2 Unrew,0.26666666666666666
6027ffc8f5361f64d504ae36,DP Overall,1.4943950524735534
6027ffc8f5361f64d504ae36,DP Overall Rew,1.7153015623111196
6027ffc8f5361f64d504ae36,DP Overall Unrew,1.2710043633800123
6027ffc8f5361f64d504ae36,DP Ph1 Rew,2.0371480742175563
6027ffc8f5361f64d504ae36,DP Ph1 Unrew,1.2204815693239695
6027ffc8f5361f64d504ae36,DP Ph2 Rew,1.428349163158805
6027ffc8f5361f64d504ae36,DP Ph2 Unrew,1.3211997078362236
6027ffc8f5361f64d504ae36,Memory Test RT,2252.3541666666665
6027ffc8f5361f64d504ae36,Memory Certainty Count,"0.0     31
12.0    37
24.0    51
48.0    53
60.0    60
72.0     8
Name: response, dtype: int64"
6027ffc8f5361f64d504ae36,Memory Certainty Count Correct,"0.0     29
12.0    24
24.0    26
48.0    30
60.0    43
72.0     7
Name: response, dtype: int64"
6027ffc8f5361f64d504ae36,Rewarded Category,Object
6027ffc8f5361f64d504ae36,End Survey,"{""Q0"":""Quite surprised."",""Q1"":""Looked to see if any of the shapes and colours were familiar, if it was something I knew the name of and did not recognise I thought it was likely it was not seen yesterday."",""Q2"":""5""}"
5dec001a0ddd072f2233da45,Overall PC,0.5882352941176471
5dec001a0ddd072f2233da45,Bonus,0
5dec001a0ddd072f2233da45,Rew Match Accuracy,0.7
5dec001a0ddd072f2233da45,Unrew Match Accuracy,0.6666666666666666
5dec001a0ddd072f2233da45,CR Overall,0.18050847457627117
5dec001a0ddd072f2233da45,CR Overall Rew,0.3620689655172414
5dec001a0ddd072f2233da45,CR Overall Unrew,0.0
5dec001a0ddd072f2233da45,CR Ph1 Rew,0.3954022988505747
5dec001a0ddd072f2233da45,CR Ph1 Unrew,-0.033333333333333354
5dec001a0ddd072f2233da45,CR Ph2 Rew,0.32873563218390806
5dec001a0ddd072f2233da45,CR Ph2 Unrew,0.033333333333333326
5dec001a0ddd072f2233da45,DP Overall,1.1930385795901182
5dec001a0ddd072f2233da45,DP Overall Rew,1.757328223070367
5dec001a0ddd072f2233da45,DP Overall Unrew,0.0
5dec001a0ddd072f2233da45,DP Ph1 Rew,1.8427156477597626
5dec001a0ddd072f2233da45,DP Ph1 Unrew,-0.5305755992057495
5dec001a0ddd072f2233da45,DP Ph2 Rew,1.6710216924901589
5dec001a0ddd072f2233da45,DP Ph2 Unrew,0.5036943524551086
5dec001a0ddd072f2233da45,Memory Test RT,3073.37647058823
5dec001a0ddd072f2233da45,Memory Certainty Count,"0.0     28
12.0    10
24.0    24
48.0    67
60.0    49
72.0    60
Name: response, dtype: int64"
5dec001a0ddd072f2233da45,Memory Certainty Count Correct,"0.0     22
12.0     7
24.0    13
48.0    35
60.0    22
72.0    41
Name: response, dtype: int64"
5dec001a0ddd072f2233da45,Rewarded Category,Animal
5dec001a0ddd072f2233da45,End Survey,"{""Q0"":""very surprised"",""Q1"":""I tried to remember the Animals because they were quite a few of them."",""Q2"":""4""}"
614723f14fbcaa3d2a846b1e,Overall PC,0.799163179916318
614723f14fbcaa3d2a846b1e,Bonus,5.25
614723f14fbcaa3d2a846b1e,Rew Match Accuracy,1.0
614723f14fbcaa3d2a846b1e,Unrew Match Accuracy,0.9
614723f14fbcaa3d2a846b1e,CR Overall,0.5989495798319328
614723f14fbcaa3d2a846b1e,CR Overall Rew,0.5833333333333334
614723f14fbcaa3d2a846b1e,CR Overall Unrew,0.6152542372881356
614723f14fbcaa3d2a846b1e,CR Ph1 Rew,0.6333333333333334
614723f14fbcaa3d2a846b1e,CR Ph1 Unrew,0.7152542372881356
614723f14fbcaa3d2a846b1e,CR Ph2 Rew,0.5333333333333333
614723f14fbcaa3d2a846b1e,CR Ph2 Unrew,0.5152542372881356
614723f14fbcaa3d2a846b1e,DP Overall,2.4148769541081347
614723f14fbcaa3d2a846b1e,DP Overall Rew,2.3134271054551028
614723f14fbcaa3d2a846b1e,DP Overall Unrew,2.571433550544796
614723f14fbcaa3d2a846b1e,DP Ph1 Rew,2.48132190248704
614723f14fbcaa3d2a846b1e,DP Ph1 Unrew,2.8963527351645486
614723f14fbcaa3d2a846b1e,DP Ph2 Rew,2.1631849091857696
614723f14fbcaa3d2a846b1e,DP Ph2 Unrew,2.2986757434335394
614723f14fbcaa3d2a846b1e,Memory Test RT,3289.5882845188034
614723f14fbcaa3d2a846b1e,Memory Certainty Count,"0.0     65
12.0    15
24.0    22
48.0    39
60.0    35
72.0    63
Name: response, dtype: int64"
614723f14fbcaa3d2a846b1e,Memory Certainty Count Correct,"0.0     63
12.0    11
24.0    13
48.0    25
60.0    29
72.0    50
Name: response, dtype: int64"
614723f14fbcaa3d2a846b1e,Rewarded Category,Animal
614723f14fbcaa3d2a846b1e,End Survey,"{""Q0"":""quiet surprised. some things I knew were 100 some I struggled with "",""Q1"":""tried remembering if I saw it twice "",""Q2"":""3""}"
5ec006506c113a40ec9e92ee,Overall PC,0.670995670995671
5ec006506c113a40ec9e92ee,Bonus,0.25
5ec006506c113a40ec9e92ee,Rew Match Accuracy,0.8333333333333334
5ec006506c113a40ec9e92ee,Unrew Match Accuracy,0.9333333333333333
5ec006506c113a40ec9e92ee,CR Overall,0.3424287856071964
5ec006506c113a40ec9e92ee,CR Overall Rew,0.2867816091954023
5ec006506c113a40ec9e92ee,CR Overall Unrew,0.39567669172932335
5ec006506c113a40ec9e92ee,CR Ph1 Rew,0.33678160919540223
5ec006506c113a40ec9e92ee,CR Ph1 Unrew,0.6278195488721805
5ec006506c113a40ec9e92ee,CR Ph2 Rew,0.23678160919540225
5ec006506c113a40ec9e92ee,CR Ph2 Unrew,0.1635338345864662
5ec006506c113a40ec9e92ee,DP Overall,1.5549047604774737
5ec006506c113a40ec9e92ee,DP Overall Rew,1.3860490443702662
5ec006506c113a40ec9e92ee,DP Overall Unrew,1.8065998136051098
5ec006506c113a40ec9e92ee,DP Ph1 Rew,1.544178954436965
5ec006506c113a40ec9e92ee,DP Ph1 Unrew,2.4669577498463773
5ec006506c113a40ec9e92ee,DP Ph2 Rew,1.2309718534692262
5ec006506c113a40ec9e92ee,DP Ph2 Unrew,1.155302375429503
5ec006506c113a40ec9e92ee,Memory Test RT,2247.7748917748936
5ec006506c113a40ec9e92ee,Memory Certainty Count,"0.0     33
12.0    40
24.0    31
48.0    45
60.0    61
72.0    21
Name: response, dtype: int64"
5ec006506c113a40ec9e92ee,Memory Certainty Count Correct,"0.0     29
12.0    29
24.0    14
48.0    32
60.0    37
72.0    14
Name: response, dtype: int64"
5ec006506c113a40ec9e92ee,Rewarded Category,Animal
5ec006506c113a40ec9e92ee,End Survey,"{""Q0"":""Not surprised"",""Q1"":""remembering colours"",""Q2"":""4""}"
5ec006506c113a40ec9e92ee,Overall PC,0.7154811715481172
5ec006506c113a40ec9e92ee,Bonus,0.25
5ec006506c113a40ec9e92ee,Rew Match Accuracy,0.8333333333333334
5ec006506c113a40ec9e92ee,Unrew Match Accuracy,0.9333333333333333
5ec006506c113a40ec9e92ee,CR Overall,0.4313725490196078
5ec006506c113a40ec9e92ee,CR Overall Rew,0.4333333333333333
5ec006506c113a40ec9e92ee,CR Overall Unrew,0.4299435028248587
5ec006506c113a40ec9e92ee,CR Ph1 Rew,0.5333333333333334
5ec006506c113a40ec9e92ee,CR Ph1 Unrew,0.5299435028248587
5ec006506c113a40ec9e92ee,CR Ph2 Rew,0.3333333333333333
5ec006506c113a40ec9e92ee,CR Ph2 Unrew,0.32994350282485874
5ec006506c113a40ec9e92ee,DP Overall,1.8212874201027138
5ec006506c113a40ec9e92ee,DP Overall Rew,1.816272374395523
5ec006506c113a40ec9e92ee,DP Overall Unrew,1.839620915684512
5ec006506c113a40ec9e92ee,DP Ph1 Rew,2.135884175169272
5ec006506c113a40ec9e92ee,DP Ph1 Unrew,2.123822729824747
5ec006506c113a40ec9e92ee,DP Ph2 Rew,1.5346686112553187
5ec006506c113a40ec9e92ee,DP Ph2 Unrew,1.5738734692787721
5ec006506c113a40ec9e92ee,Memory Test RT,2495.778242677828
5ec006506c113a40ec9e92ee,Memory Certainty Count,"0.0     43
12.0    34
24.0    31
48.0    38
60.0    64
72.0    29
Name: response, dtype: int64"
5ec006506c113a40ec9e92ee,Memory Certainty Count Correct,"0.0     40
12.0    25
24.0    15
48.0    26
60.0    42
72.0    23
Name: response, dtype: int64"
5ec006506c113a40ec9e92ee,Rewarded Category,Animal
5ec006506c113a40ec9e92ee,End Survey,"{""Q0"":""Not surprised "",""Q1"":""Just trying to recall the images from yesterday"",""Q2"":""4""}"
615ecf9bbbde0569cbf6fe21,Overall PC,0.6075949367088608
615ecf9bbbde0569cbf6fe21,Bonus,5.25
615ecf9bbbde0569cbf6fe21,Rew Match Accuracy,0.9666666666666667
615ecf9bbbde0569cbf6fe21,Unrew Match Accuracy,0.9666666666666667
615ecf9bbbde0569cbf6fe21,CR Overall,0.2154963680387409
615ecf9bbbde0569cbf6fe21,CR Overall Rew,0.266218585622443
615ecf9bbbde0569cbf6fe21,CR Overall Unrew,0.16666666666666669
615ecf9bbbde0569cbf6fe21,CR Ph1 Rew,0.3093220338983051
615ecf9bbbde0569cbf6fe21,CR Ph1 Unrew,0.24999999999999994
615ecf9bbbde0569cbf6fe21,CR Ph2 Rew,0.22598870056497172
615ecf9bbbde0569cbf6fe21,CR Ph2 Unrew,0.08333333333333331
615ecf9bbbde0569cbf6fe21,DP Overall,1.1672968242760537
615ecf9bbbde0569cbf6fe21,DP Overall Rew,1.3349745693783677
615ecf9bbbde0569cbf6fe21,DP Overall Unrew,1.0058020233980045
615ecf9bbbde0569cbf6fe21,DP Ph1 Rew,1.4783331498641075
615ecf9bbbde0569cbf6fe21,DP Ph1 Unrew,1.2752923582346187
615ecf9bbbde0569cbf6fe21,DP Ph2 Rew,1.2038746379301253
615ecf9bbbde0569cbf6fe21,DP Ph2 Unrew,0.6932737493032515
615ecf9bbbde0569cbf6fe21,Memory Test RT,3060.8244725738805
615ecf9bbbde0569cbf6fe21,Memory Certainty Count,"0.0     45
12.0    34
24.0    48
48.0    65
60.0    23
72.0    22
Name: response, dtype: int64"
615ecf9bbbde0569cbf6fe21,Memory Certainty Count Correct,"0.0     36
12.0    18
24.0    22
48.0    37
60.0    15
72.0    16
Name: response, dtype: int64"
615ecf9bbbde0569cbf6fe21,Rewarded Category,Object
615ecf9bbbde0569cbf6fe21,End Survey,"{""Q0"":""Very"",""Q1"":""The ones that i completely remembered/had no recollection of were the certain ones"",""Q2"":""3""}"
6166b6670d75aa14e7281956,Overall PC,0.5271966527196653
6166b6670d75aa14e7281956,Bonus,5
6166b6670d75aa14e7281956,Rew Match Accuracy,0.9
6166b6670d75aa14e7281956,Unrew Match Accuracy,0.8666666666666667
6166b6670d75aa14e7281956,CR Overall,0.054971988795518234
6166b6670d75aa14e7281956,CR Overall Rew,0.03276836158192087
6166b6670d75aa14e7281956,CR Overall Unrew,0.08333333333333334
6166b6670d75aa14e7281956,CR Ph1 Rew,0.06666666666666665
6166b6670d75aa14e7281956,CR Ph1 Unrew,0.05000000000000002
6166b6670d75aa14e7281956,CR Ph2 Rew,0.0
6166b6670d75aa14e7281956,CR Ph2 Unrew,0.11666666666666667
6166b6670d75aa14e7281956,DP Overall,0.5607280316267058
6166b6670d75aa14e7281956,DP Overall Rew,0.8740204652525831
6166b6670d75aa14e7281956,DP Overall Unrew,0.8494897084346246
6166b6670d75aa14e7281956,DP Ph1 Rew,1.4799757418313884
6166b6670d75aa14e7281956,DP Ph1 Unrew,0.6657935386337481
6166b6670d75aa14e7281956,DP Ph2 Rew,0.0
6166b6670d75aa14e7281956,DP Ph2 Unrew,0.9960902899708601
6166b6670d75aa14e7281956,Memory Test RT,2821.0175732205853
6166b6670d75aa14e7281956,Memory Certainty Count,"0.0       3
12.0     26
24.0    107
36.0      1
48.0     67
60.0     30
72.0      5
Name: response, dtype: int64"
6166b6670d75aa14e7281956,Memory Certainty Count Correct,"0.0      1
12.0    14
24.0    56
48.0    30
60.0    21
72.0     4
Name: response, dtype: int64"
6166b6670d75aa14e7281956,Rewarded Category,Animal
6166b6670d75aa14e7281956,End Survey,"{""Q0"":""not muvh"",""Q1"":""shape and colour identification"",""Q2"":""4""}"
595920a7c76e6700014d252e,Overall PC,0.8291666666666667
595920a7c76e6700014d252e,Bonus,5.25
595920a7c76e6700014d252e,Rew Match Accuracy,0.9666666666666667
595920a7c76e6700014d252e,Unrew Match Accuracy,0.9666666666666667
595920a7c76e6700014d252e,CR Overall,0.6583333333333333
595920a7c76e6700014d252e,CR Overall Rew,0.7
595920a7c76e6700014d252e,CR Overall Unrew,0.6166666666666667
595920a7c76e6700014d252e,CR Ph1 Rew,0.7833333333333333
595920a7c76e6700014d252e,CR Ph1 Unrew,0.5833333333333334
595920a7c76e6700014d252e,CR Ph2 Rew,0.6166666666666667
595920a7c76e6700014d252e,CR Ph2 Unrew,0.65
595920a7c76e6700014d252e,DP Overall,2.607537373782842
595920a7c76e6700014d252e,DP Overall Rew,2.7493179189731816
595920a7c76e6700014d252e,DP Overall Unrew,2.527210198645396
595920a7c76e6700014d252e,DP Ph1 Rew,3.235665276334456
595920a7c76e6700014d252e,DP Ph1 Unrew,2.355358263094279
595920a7c76e6700014d252e,DP Ph2 Rew,2.436318388336586
595920a7c76e6700014d252e,DP Ph2 Unrew,2.7505344907139335
595920a7c76e6700014d252e,Memory Test RT,3997.279583333681
595920a7c76e6700014d252e,Memory Certainty Count,"0.0     59
12.0    38
24.0    34
48.0    42
60.0    48
72.0    19
Name: response, dtype: int64"
595920a7c76e6700014d252e,Memory Certainty Count Correct,"0.0     57
12.0    30
24.0    18
48.0    32
60.0    44
72.0    18
Name: response, dtype: int64"
595920a7c76e6700014d252e,Rewarded Category,Object
595920a7c76e6700014d252e,End Survey,"{""Q0"":""Very, i remembered more than i thought i would."",""Q1"":""Tried to picture them in my head"",""Q2"":""Very good""}"
5ede762675927e0e45e258aa,Overall PC,0.7154811715481172
5ede762675927e0e45e258aa,Bonus,5.25
5ede762675927e0e45e258aa,Rew Match Accuracy,0.9333333333333333
5ede762675927e0e45e258aa,Unrew Match Accuracy,0.9666666666666667
5ede762675927e0e45e258aa,CR Overall,0.43081232492997196
5ede762675927e0e45e258aa,CR Overall Rew,0.3629943502824859
5ede762675927e0e45e258aa,CR Overall Unrew,0.5
5ede762675927e0e45e258aa,CR Ph1 Rew,0.48333333333333334
5ede762675927e0e45e258aa,CR Ph1 Unrew,0.7833333333333333
5ede762675927e0e45e258aa,CR Ph2 Rew,0.23850574712643674
5ede762675927e0e45e258aa,CR Ph2 Unrew,0.21666666666666665
5ede762675927e0e45e258aa,DP Overall,1.808895864064795
5ede762675927e0e45e258aa,DP Overall Rew,1.6454963431127267
5ede762675927e0e45e258aa,DP Overall Unrew,2.159914153051027
5ede762675927e0e45e258aa,DP Ph1 Rew,2.1633429179021904
5ede762675927e0e45e258aa,DP Ph1 Unrew,3.167209410623692
5ede762675927e0e45e258aa,DP Ph2 Rew,1.2388936678829416
5ede762675927e0e45e258aa,DP Ph2 Unrew,1.410074389214408
5ede762675927e0e45e258aa,Memory Test RT,3636.9820083679015
5ede762675927e0e45e258aa,Memory Certainty Count,"0.0     67
12.0    25
24.0    23
48.0    22
60.0    25
72.0    77
Name: response, dtype: int64"
5ede762675927e0e45e258aa,Memory Certainty Count Correct,"0.0     61
12.0    12
24.0    10
48.0    16
60.0    14
72.0    58
Name: response, dtype: int64"
5ede762675927e0e45e258aa,Rewarded Category,Animal
5ede762675927e0e45e258aa,End Survey,"{""Q0"":""not very!"",""Q1"":""on day one I said the names of the images as I saw them. This helped a lot in remembering what I had seen on day two."",""Q2"":""4""}"
583b08c8dd48b20001b12857,Overall PC,0.8875
583b08c8dd48b20001b12857,Bonus,5.25
583b08c8dd48b20001b12857,Rew Match Accuracy,1.0
583b08c8dd48b20001b12857,Unrew Match Accuracy,1.0
583b08c8dd48b20001b12857,CR Overall,0.7749999999999999
583b08c8dd48b20001b12857,CR Overall Rew,0.8166666666666667
583b08c8dd48b20001b12857,CR Overall Unrew,0.7333333333333334
583b08c8dd48b20001b12857,CR Ph1 Rew,0.85
583b08c8dd48b20001b12857,CR Ph1 Unrew,0.7333333333333334
583b08c8dd48b20001b12857,CR Ph2 Rew,0.7833333333333333
583b08c8dd48b20001b12857,CR Ph2 Unrew,0.7333333333333334
583b08c8dd48b20001b12857,DP Overall,3.118279712417061
583b08c8dd48b20001b12857,DP Overall Rew,3.4033681031781464
583b08c8dd48b20001b12857,DP Overall Unrew,2.9311737367916386
583b08c8dd48b20001b12857,DP Ph1 Rew,3.7717437090063917
583b08c8dd48b20001b12857,DP Ph1 Unrew,2.9311737367916386
583b08c8dd48b20001b12857,DP Ph2 Rew,3.167209410623692
583b08c8dd48b20001b12857,DP Ph2 Unrew,2.9311737367916386
583b08c8dd48b20001b12857,Memory Test RT,2359.075
583b08c8dd48b20001b12857,Memory Certainty Count,"0.0     94
12.0    14
24.0    11
48.0     6
60.0    53
72.0    62
Name: response, dtype: int64"
583b08c8dd48b20001b12857,Memory Certainty Count Correct,"0.0     92
12.0    10
24.0     4
48.0     5
60.0    46
72.0    56
Name: response, dtype: int64"
583b08c8dd48b20001b12857,Rewarded Category,Object
583b08c8dd48b20001b12857,End Survey,"{""Q0"":""A bit, I thought this session would be a repeat of the previous session"",""Q1"":""During the first session I mentally said each objects name which helped me remember some of them today, and some of the images were quite distinctive"",""Q2"":""4""}"
61226e707babbb3b6f4a04da,Overall PC,0.6637168141592921
61226e707babbb3b6f4a04da,Bonus,0
61226e707babbb3b6f4a04da,Rew Match Accuracy,0.8
61226e707babbb3b6f4a04da,Unrew Match Accuracy,0.8333333333333334
61226e707babbb3b6f4a04da,CR Overall,0.3294163728946337
61226e707babbb3b6f4a04da,CR Overall Rew,0.37140019860973195
61226e707babbb3b6f4a04da,CR Overall Unrew,0.29310344827586204
61226e707babbb3b6f4a04da,CR Ph1 Rew,0.412280701754386
61226e707babbb3b6f4a04da,CR Ph1 Unrew,0.4236453201970443
61226e707babbb3b6f4a04da,CR Ph2 Rew,0.33756805807622503
61226e707babbb3b6f4a04da,CR Ph2 Unrew,0.17126436781609194
61226e707babbb3b6f4a04da,DP Overall,1.5182650523593186
61226e707babbb3b6f4a04da,DP Overall Rew,1.679480892695188
61226e707babbb3b6f4a04da,DP Overall Unrew,1.4003464254039673
61226e707babbb3b6f4a04da,DP Ph1 Rew,1.8359140137813952
61226e707babbb3b6f4a04da,DP Ph1 Unrew,1.8134663163708948
61226e707babbb3b6f4a04da,DP Ph2 Rew,1.5610168106913074
61226e707babbb3b6f4a04da,DP Ph2 Unrew,1.0263882332611904
61226e707babbb3b6f4a04da,Memory Test RT,3117.390707965578
61226e707babbb3b6f4a04da,Memory Certainty Count,"0.0     62
12.0    19
24.0    44
48.0    45
60.0    40
72.0    16
Name: response, dtype: int64"
61226e707babbb3b6f4a04da,Memory Certainty Count Correct,"0.0     49
12.0    12
24.0    19
48.0    29
60.0    29
72.0    12
Name: response, dtype: int64"
61226e707babbb3b6f4a04da,Rewarded Category,Animal
61226e707babbb3b6f4a04da,End Survey,"{""Q0"":""Not very, it was quite fun"",""Q1"":""Just tried to remember as best as I could"",""Q2"":""2""}"
57c8adc4c6c5ed00013fa2a0,Overall PC,0.7186147186147186
57c8adc4c6c5ed00013fa2a0,Bonus,5.25
57c8adc4c6c5ed00013fa2a0,Rew Match Accuracy,1.0
57c8adc4c6c5ed00013fa2a0,Unrew Match Accuracy,0.9333333333333333
57c8adc4c6c5ed00013fa2a0,CR Overall,0.4421952316689159
57c8adc4c6c5ed00013fa2a0,CR Overall Rew,0.3898305084745763
57c8adc4c6c5ed00013fa2a0,CR Overall Unrew,0.49529780564263315
57c8adc4c6c5ed00013fa2a0,CR Ph1 Rew,0.3980128579777908
57c8adc4c6c5ed00013fa2a0,CR Ph1 Unrew,0.551948051948052
57c8adc4c6c5ed00013fa2a0,CR Ph2 Rew,0.38192090395480227
57c8adc4c6c5ed00013fa2a0,CR Ph2 Unrew,0.4424242424242424
57c8adc4c6c5ed00013fa2a0,DP Overall,2.1012786846522236
57c8adc4c6c5ed00013fa2a0,DP Overall Rew,1.9809280884802534
57c8adc4c6c5ed00013fa2a0,DP Overall Unrew,2.224382519109974
57c8adc4c6c5ed00013fa2a0,DP Ph1 Rew,2.001582435375982
57c8adc4c6c5ed00013fa2a0,DP Ph1 Unrew,2.372960930769
57c8adc4c6c5ed00013fa2a0,DP Ph2 Rew,1.9609153589539094
57c8adc4c6c5ed00013fa2a0,DP Ph2 Unrew,2.090098806653016
57c8adc4c6c5ed00013fa2a0,Memory Test RT,2599.1922077922095
57c8adc4c6c5ed00013fa2a0,Memory Certainty Count,"0.0      26
12.0     28
24.0     18
48.0    149
60.0     10
Name: response, dtype: int64"
57c8adc4c6c5ed00013fa2a0,Memory Certainty Count Correct,"0.0     26
12.0    23
24.0    13
48.0    98
60.0     6
Name: response, dtype: int64"
57c8adc4c6c5ed00013fa2a0,Rewarded Category,Object
57c8adc4c6c5ed00013fa2a0,End Survey,"{""Q0"":""Not very surprised."",""Q1"":""Recalling what I remember."",""Q2"":""4""}"
6165a979a0e7668d048a9752,Overall PC,0.6401673640167364
6165a979a0e7668d048a9752,Bonus,5.25
6165a979a0e7668d048a9752,Rew Match Accuracy,0.9666666666666667
6165a979a0e7668d048a9752,Unrew Match Accuracy,0.9333333333333333
6165a979a0e7668d048a9752,CR Overall,0.2806022408963585
6165a979a0e7668d048a9752,CR Overall Rew,0.2
6165a979a0e7668d048a9752,CR Overall Unrew,0.35988700564971754
6165a979a0e7668d048a9752,CR Ph1 Rew,0.2833333333333333
6165a979a0e7668d048a9752,CR Ph1 Unrew,0.39322033898305087
6165a979a0e7668d048a9752,CR Ph2 Rew,0.11666666666666664
6165a979a0e7668d048a9752,CR Ph2 Unrew,0.3265536723163841
6165a979a0e7668d048a9752,DP Overall,1.3658695380712005
6165a979a0e7668d048a9752,DP Overall Rew,1.1666493196429017
6165a979a0e7668d048a9752,DP Overall Unrew,1.6269835237750307
6165a979a0e7668d048a9752,DP Ph1 Rew,1.4068310292324007
6165a979a0e7668d048a9752,DP Ph1 Unrew,1.7448003545443147
6165a979a0e7668d048a9752,DP Ph2 Rew,0.8863162854214419
6165a979a0e7668d048a9752,DP Ph2 Unrew,1.5159733639306374
6165a979a0e7668d048a9752,Memory Test RT,3133.9589958156002
6165a979a0e7668d048a9752,Memory Certainty Count,"0.0     22
12.0    30
24.0    60
48.0    52
60.0    54
72.0    21
Name: response, dtype: int64"
6165a979a0e7668d048a9752,Memory Certainty Count Correct,"0.0     19
12.0    17
24.0    37
48.0    34
60.0    33
72.0    13
Name: response, dtype: int64"
6165a979a0e7668d048a9752,Rewarded Category,Object
6165a979a0e7668d048a9752,End Survey,"{""Q0"":""I had a feeling that there would be a memory test but I didn't prepare"",""Q1"":""There was no strategy just a gut feeling but I got all the diy items mixed up"",""Q2"":""4""}"
61013ab3ab619e2d70933386,Overall PC,0.7041666666666667
61013ab3ab619e2d70933386,Bonus,5.25
61013ab3ab619e2d70933386,Rew Match Accuracy,0.9333333333333333
61013ab3ab619e2d70933386,Unrew Match Accuracy,0.9666666666666667
61013ab3ab619e2d70933386,CR Overall,0.4083333333333333
61013ab3ab619e2d70933386,CR Overall Rew,0.3666666666666667
61013ab3ab619e2d70933386,CR Overall Unrew,0.45
61013ab3ab619e2d70933386,CR Ph1 Rew,0.45
61013ab3ab619e2d70933386,CR Ph1 Unrew,0.6
61013ab3ab619e2d70933386,CR Ph2 Rew,0.2833333333333333
61013ab3ab619e2d70933386,CR Ph2 Unrew,0.3
61013ab3ab619e2d70933386,DP Overall,2.2774610945938014
61013ab3ab619e2d70933386,DP Overall Rew,2.1057222700108578
61013ab3ab619e2d70933386,DP Overall Unrew,2.46427742087367
61013ab3ab619e2d70933386,DP Ph1 Rew,2.3163752844576875
61013ab3ab619e2d70933386,DP Ph1 Unrew,2.8540470289525652
61013ab3ab619e2d70933386,DP Ph2 Rew,1.8841138654600273
61013ab3ab619e2d70933386,DP Ph2 Unrew,2.074422978467796
61013ab3ab619e2d70933386,Memory Test RT,2686.129999999873
61013ab3ab619e2d70933386,Memory Certainty Count,"0.0      10
12.0     28
24.0     21
48.0     42
60.0    135
72.0      4
Name: response, dtype: int64"
61013ab3ab619e2d70933386,Memory Certainty Count Correct,"0.0     10
12.0    27
24.0    17
48.0    17
60.0    94
72.0     4
Name: response, dtype: int64"
61013ab3ab619e2d70933386,Rewarded Category,Animal
61013ab3ab619e2d70933386,End Survey,"{""Q0"":""A little, 3/10 surpsied"",""Q1"":""If the image seemed familiar"",""Q2"":""4""}"
612d30390bcc548b8a9801bb,Overall PC,0.8041666666666667
612d30390bcc548b8a9801bb,Bonus,5.25
612d30390bcc548b8a9801bb,Rew Match Accuracy,0.9666666666666667
612d30390bcc548b8a9801bb,Unrew Match Accuracy,1.0
612d30390bcc548b8a9801bb,CR Overall,0.6083333333333333
612d30390bcc548b8a9801bb,CR Overall Rew,0.55
612d30390bcc548b8a9801bb,CR Overall Unrew,0.6666666666666666
612d30390bcc548b8a9801bb,CR Ph1 Rew,0.65
612d30390bcc548b8a9801bb,CR Ph1 Unrew,0.7166666666666667
612d30390bcc548b8a9801bb,CR Ph2 Rew,0.44999999999999996
612d30390bcc548b8a9801bb,CR Ph2 Unrew,0.6166666666666667
612d30390bcc548b8a9801bb,DP Overall,2.419228562849626
612d30390bcc548b8a9801bb,DP Overall Rew,2.187491780545403
612d30390bcc548b8a9801bb,DP Overall Unrew,2.73355815581482
612d30390bcc548b8a9801bb,DP Ph1 Rew,2.6300780262560175
612d30390bcc548b8a9801bb,DP Ph1 Unrew,3.204541077723417
612d30390bcc548b8a9801bb,DP Ph2 Rew,1.8686765855107645
612d30390bcc548b8a9801bb,DP Ph2 Unrew,2.457365703421906
612d30390bcc548b8a9801bb,Memory Test RT,2831.82208333537
612d30390bcc548b8a9801bb,Memory Certainty Count,"0.0     53
12.0    36
24.0    44
48.0    49
60.0    42
72.0    16
Name: response, dtype: int64"
612d30390bcc548b8a9801bb,Memory Certainty Count Correct,"0.0     53
12.0    30
24.0    20
48.0    35
60.0    40
72.0    15
Name: response, dtype: int64"
612d30390bcc548b8a9801bb,Rewarded Category,Animal
612d30390bcc548b8a9801bb,End Survey,"{""Q0"":""Slightly. I did not prepare."",""Q1"":""I did not prepare, first instincts usually."",""Q2"":""3""}"
60f71edb04ec0549b5aa1711,Overall PC,0.7583333333333333
60f71edb04ec0549b5aa1711,Bonus,5
60f71edb04ec0549b5aa1711,Rew Match Accuracy,0.9666666666666667
60f71edb04ec0549b5aa1711,Unrew Match Accuracy,0.8333333333333334
60f71edb04ec0549b5aa1711,CR Overall,0.5166666666666667
60f71edb04ec0549b5aa1711,CR Overall Rew,0.5833333333333333
60f71edb04ec0549b5aa1711,CR Overall Unrew,0.45000000000000007
60f71edb04ec0549b5aa1711,CR Ph1 Rew,0.5499999999999999
60f71edb04ec0549b5aa1711,CR Ph1 Unrew,0.5333333333333333
60f71edb04ec0549b5aa1711,CR Ph2 Rew,0.6166666666666667
60f71edb04ec0549b5aa1711,CR Ph2 Unrew,0.3666666666666667
60f71edb04ec0549b5aa1711,DP Overall,2.126419710776626
60f71edb04ec0549b5aa1711,DP Overall Rew,2.3309126172067214
60f71edb04ec0549b5aa1711,DP Overall Unrew,1.9346787702665853
60f71edb04ec0549b5aa1711,DP Ph1 Rew,2.2322463333118603
60f71edb04ec0549b5aa1711,DP Ph1 Unrew,2.1631849091857696
60f71edb04ec0549b5aa1711,DP Ph2 Rew,2.436318388336586
60f71edb04ec0549b5aa1711,DP Ph2 Unrew,1.7176449199559027
60f71edb04ec0549b5aa1711,Memory Test RT,2410.8745833333446
60f71edb04ec0549b5aa1711,Memory Certainty Count,"0.0     21
12.0    25
24.0    54
48.0    72
60.0    32
72.0    36
Name: response, dtype: int64"
60f71edb04ec0549b5aa1711,Memory Certainty Count Correct,"0.0     20
12.0    22
24.0    39
48.0    46
60.0    28
72.0    27
Name: response, dtype: int64"
60f71edb04ec0549b5aa1711,Rewarded Category,Animal
60f71edb04ec0549b5aa1711,End Survey,"{""Q0"":""i remembered more than i thought i would"",""Q1"":""none, just relied on my memory"",""Q2"":""3""}"
6162f1ba19703a4085030f00,Overall PC,0.8200836820083682
6162f1ba19703a4085030f00,Bonus,5.25
6162f1ba19703a4085030f00,Rew Match Accuracy,0.9333333333333333
6162f1ba19703a4085030f00,Unrew Match Accuracy,0.9666666666666667
6162f1ba19703a4085030f00,CR Overall,0.6394957983193278
6162f1ba19703a4085030f00,CR Overall Rew,0.5440677966101695
6162f1ba19703a4085030f00,CR Overall Unrew,0.7333333333333334
6162f1ba19703a4085030f00,CR Ph1 Rew,0.6931034482758621
6162f1ba19703a4085030f00,CR Ph1 Unrew,0.7666666666666667
6162f1ba19703a4085030f00,CR Ph2 Rew,0.4
6162f1ba19703a4085030f00,CR Ph2 Unrew,0.7000000000000001
6162f1ba19703a4085030f00,DP Overall,2.596876875987438
6162f1ba19703a4085030f00,DP Overall Rew,2.32243919933743
6162f1ba19703a4085030f00,DP Overall Unrew,2.9311737367916386
6162f1ba19703a4085030f00,DP Ph1 Rew,2.775917655411829
6162f1ba19703a4085030f00,DP Ph1 Unrew,3.0813615633194096
6162f1ba19703a4085030f00,DP Ph2 Rew,1.9522147542726682
6162f1ba19703a4085030f00,DP Ph2 Unrew,2.8009906459885636
6162f1ba19703a4085030f00,Memory Test RT,3102.3493723914216
6162f1ba19703a4085030f00,Memory Certainty Count,"0.0     39
12.0    33
24.0    28
48.0    27
60.0    33
72.0    79
Name: response, dtype: int64"
6162f1ba19703a4085030f00,Memory Certainty Count Correct,"0.0     39
12.0    28
24.0    21
48.0    17
60.0    20
72.0    71
Name: response, dtype: int64"
6162f1ba19703a4085030f00,Rewarded Category,Animal
6162f1ba19703a4085030f00,End Survey,"{""Q0"":""very"",""Q1"":""remembering the stories i'd told myself about some of the images"",""Q2"":""4""}"
5cb260595730d8001a5ea7ac,Overall PC,0.7041666666666667
5cb260595730d8001a5ea7ac,Bonus,5.25
5cb260595730d8001a5ea7ac,Rew Match Accuracy,0.9333333333333333
5cb260595730d8001a5ea7ac,Unrew Match Accuracy,0.9
5cb260595730d8001a5ea7ac,CR Overall,0.4083333333333333
5cb260595730d8001a5ea7ac,CR Overall Rew,0.5166666666666667
5cb260595730d8001a5ea7ac,CR Overall Unrew,0.30000000000000004
5cb260595730d8001a5ea7ac,CR Ph1 Rew,0.43333333333333335
5cb260595730d8001a5ea7ac,CR Ph1 Unrew,0.24999999999999997
5cb260595730d8001a5ea7ac,CR Ph2 Rew,0.6
5cb260595730d8001a5ea7ac,CR Ph2 Unrew,0.35
5cb260595730d8001a5ea7ac,DP Overall,2.068964525684605
5cb260595730d8001a5ea7ac,DP Overall Rew,2.633671330075376
5cb260595730d8001a5ea7ac,DP Overall Unrew,1.6454030399041066
5cb260595730d8001a5ea7ac,DP Ph1 Rew,2.4221556927236945
5cb260595730d8001a5ea7ac,DP Ph1 Unrew,1.5077898987065577
5cb260595730d8001a5ea7ac,DP Ph2 Rew,2.8540470289525652
5cb260595730d8001a5ea7ac,DP Ph2 Unrew,1.7762848523850638
5cb260595730d8001a5ea7ac,Memory Test RT,2209.3
5cb260595730d8001a5ea7ac,Memory Certainty Count,"0.0      31
12.0     18
24.0     18
48.0    101
60.0     60
72.0     12
Name: response, dtype: int64"
5cb260595730d8001a5ea7ac,Memory Certainty Count Correct,"0.0     30
12.0    16
24.0    12
48.0    56
60.0    43
72.0    12
Name: response, dtype: int64"
5cb260595730d8001a5ea7ac,Rewarded Category,Object
5cb260595730d8001a5ea7ac,End Survey,"{""Q0"":""somewhat"",""Q1"":""There was no strategy I clearly remembered a lot of those pictures, if I wasn't 100% sure my rating decreased"",""Q2"":""2""}"
615f1500b60d25e2660e8644,Overall PC,0.6276150627615062
615f1500b60d25e2660e8644,Bonus,5.25
615f1500b60d25e2660e8644,Rew Match Accuracy,0.9666666666666667
615f1500b60d25e2660e8644,Unrew Match Accuracy,0.9
615f1500b60d25e2660e8644,CR Overall,0.2557422969187675
615f1500b60d25e2660e8644,CR Overall Rew,0.31666666666666665
615f1500b60d25e2660e8644,CR Overall Unrew,0.1926553672316384
615f1500b60d25e2660e8644,CR Ph1 Rew,0.2833333333333333
615f1500b60d25e2660e8644,CR Ph1 Unrew,0.15932203389830507
615f1500b60d25e2660e8644,CR Ph2 Rew,0.35
615f1500b60d25e2660e8644,CR Ph2 Unrew,0.22598870056497172
615f1500b60d25e2660e8644,DP Overall,1.298175019335914
615f1500b60d25e2660e8644,DP Overall Rew,1.5627760250256715
615f1500b60d25e2660e8644,DP Overall Unrew,1.0943961389522525
615f1500b60d25e2660e8644,DP Ph1 Rew,1.4733014304346508
615f1500b60d25e2660e8644,DP Ph1 Unrew,0.9815582475057718
615f1500b60d25e2660e8644,DP Ph2 Rew,1.6506128017471493
615f1500b60d25e2660e8644,DP Ph2 Unrew,1.2038746379301253
615f1500b60d25e2660e8644,Memory Test RT,2428.887029288578
615f1500b60d25e2660e8644,Memory Certainty Count,"0.0      26
12.0     53
24.0     26
48.0      6
60.0    113
72.0     15
Name: response, dtype: int64"
615f1500b60d25e2660e8644,Memory Certainty Count Correct,"0.0     23
12.0    29
24.0    16
48.0     3
60.0    66
72.0    13
Name: response, dtype: int64"
615f1500b60d25e2660e8644,Rewarded Category,Object
615f1500b60d25e2660e8644,End Survey,"{""Q0"":""A LITTLE"",""Q1"":""Recognising shapes and colours of objects to jog memory recolection"",""Q2"":""3""}"
5adf220ee1cbe5000197459c,Overall PC,0.7740585774058577
5adf220ee1cbe5000197459c,Bonus,0
5adf220ee1cbe5000197459c,Rew Match Accuracy,0.8666666666666667
5adf220ee1cbe5000197459c,Unrew Match Accuracy,0.7666666666666667
5adf220ee1cbe5000197459c,CR Overall,0.5478291316526611
5adf220ee1cbe5000197459c,CR Overall Rew,0.43333333333333335
5adf220ee1cbe5000197459c,CR Overall Unrew,0.6632768361581921
5adf220ee1cbe5000197459c,CR Ph1 Rew,0.45000000000000007
5adf220ee1cbe5000197459c,CR Ph1 Unrew,0.6966101694915254
5adf220ee1cbe5000197459c,CR Ph2 Rew,0.41666666666666663
5adf220ee1cbe5000197459c,CR Ph2 Unrew,0.6299435028248588
5adf220ee1cbe5000197459c,DP Overall,2.1849417564179623
5adf220ee1cbe5000197459c,DP Overall Rew,1.820554776594444
5adf220ee1cbe5000197459c,DP Overall Unrew,2.614132095360655
5adf220ee1cbe5000197459c,DP Ph1 Rew,1.8748224997168839
5adf220ee1cbe5000197459c,DP Ph1 Unrew,2.7885970256362396
5adf220ee1cbe5000197459c,DP Ph2 Rew,1.7678906753927193
5adf220ee1cbe5000197459c,DP Ph2 Unrew,2.4691828741037214
5adf220ee1cbe5000197459c,Memory Test RT,2859.969456066937
5adf220ee1cbe5000197459c,Memory Certainty Count,"0.0     64
12.0    46
24.0    18
48.0    44
60.0    60
72.0     7
Name: response, dtype: int64"
5adf220ee1cbe5000197459c,Memory Certainty Count Correct,"0.0     61
12.0    27
24.0     9
48.0    36
60.0    45
72.0     7
Name: response, dtype: int64"
5adf220ee1cbe5000197459c,Rewarded Category,Object
5adf220ee1cbe5000197459c,End Survey,"{""Q0"":""Quite surprised "",""Q1"":""Just tried to remember as much as possible - some stuck out in my mind. Others I had forgotten"",""Q2"":""4""}"
5ee8a1f8cb29be03d30ec3c8,Overall PC,0.8041666666666667
5ee8a1f8cb29be03d30ec3c8,Bonus,5.25
5ee8a1f8cb29be03d30ec3c8,Rew Match Accuracy,0.9666666666666667
5ee8a1f8cb29be03d30ec3c8,Unrew Match Accuracy,0.9666666666666667
5ee8a1f8cb29be03d30ec3c8,CR Overall,0.6083333333333333
5ee8a1f8cb29be03d30ec3c8,CR Overall Rew,0.5833333333333333
5ee8a1f8cb29be03d30ec3c8,CR Overall Unrew,0.6333333333333333
5ee8a1f8cb29be03d30ec3c8,CR Ph1 Rew,0.6666666666666667
5ee8a1f8cb29be03d30ec3c8,CR Ph1 Unrew,0.6666666666666667
5ee8a1f8cb29be03d30ec3c8,CR Ph2 Rew,0.49999999999999994
5ee8a1f8cb29be03d30ec3c8,CR Ph2 Unrew,0.6
5ee8a1f8cb29be03d30ec3c8,DP Overall,2.4092123399929215
5ee8a1f8cb29be03d30ec3c8,DP Overall Rew,2.2966073957222215
5ee8a1f8cb29be03d30ec3c8,DP Overall Unrew,2.577751702993377
5ee8a1f8cb29be03d30ec3c8,DP Ph1 Rew,2.6263699198863075
5ee8a1f8cb29be03d30ec3c8,DP Ph1 Unrew,2.684480629554784
5ee8a1f8cb29be03d30ec3c8,DP Ph2 Rew,2.0371480742175563
5ee8a1f8cb29be03d30ec3c8,DP Ph2 Unrew,2.4782069617971034
5ee8a1f8cb29be03d30ec3c8,Memory Test RT,3077.360833332936
5ee8a1f8cb29be03d30ec3c8,Memory Certainty Count,"0.0     33
12.0    28
24.0    48
48.0    62
60.0    66
72.0     3
Name: response, dtype: int64"
5ee8a1f8cb29be03d30ec3c8,Memory Certainty Count Correct,"0.0     32
12.0    26
24.0    33
48.0    39
60.0    60
72.0     3
Name: response, dtype: int64"
5ee8a1f8cb29be03d30ec3c8,Rewarded Category,Animal
5ee8a1f8cb29be03d30ec3c8,End Survey,"{""Q0"":""Only a little"",""Q1"":""I couldn't be definitely sure that most of them were new because I wouldn't have recognised all the items."",""Q2"":""4""}"
5f364e4f71dbfc688942a7e7,Overall PC,0.8416666666666667
5f364e4f71dbfc688942a7e7,Bonus,5.25
5f364e4f71dbfc688942a7e7,Rew Match Accuracy,0.9666666666666667
5f364e4f71dbfc688942a7e7,Unrew Match Accuracy,0.9333333333333333
5f364e4f71dbfc688942a7e7,CR Overall,0.6833333333333333
5f364e4f71dbfc688942a7e7,CR Overall Rew,0.6499999999999999
5f364e4f71dbfc688942a7e7,CR Overall Unrew,0.7166666666666666
5f364e4f71dbfc688942a7e7,CR Ph1 Rew,0.6666666666666667
5f364e4f71dbfc688942a7e7,CR Ph1 Unrew,0.7333333333333334
5f364e4f71dbfc688942a7e7,CR Ph2 Rew,0.6333333333333333
5f364e4f71dbfc688942a7e7,CR Ph2 Unrew,0.7
5f364e4f71dbfc688942a7e7,DP Overall,2.741309280660033
5f364e4f71dbfc688942a7e7,DP Overall Rew,2.5510025105394916
5f364e4f71dbfc688942a7e7,DP Overall Unrew,3.060749913644568
5f364e4f71dbfc688942a7e7,DP Ph1 Rew,2.6263699198863075
5f364e4f71dbfc688942a7e7,DP Ph1 Unrew,3.261723063352285
5f364e4f71dbfc688942a7e7,DP Ph2 Rew,2.48132190248704
5f364e4f71dbfc688942a7e7,DP Ph2 Unrew,2.9104072018353806
5f364e4f71dbfc688942a7e7,Memory Test RT,2572.595833333283
5f364e4f71dbfc688942a7e7,Memory Certainty Count,"0.0     56
12.0    36
24.0    42
48.0    72
60.0    26
72.0     8
Name: response, dtype: int64"
5f364e4f71dbfc688942a7e7,Memory Certainty Count Correct,"0.0     54
12.0    30
24.0    24
48.0    63
60.0    23
72.0     8
Name: response, dtype: int64"
5f364e4f71dbfc688942a7e7,Rewarded Category,Object
5f364e4f71dbfc688942a7e7,End Survey,"{""Q0"":""Quite suprised - I thought it would be a repeat of the same test as yesterday"",""Q1"":""Whatever first came to my mind and tried not to think about it for too long"",""Q2"":""3""}"
615e25a2ad4fdb2fe4530c9d,Overall PC,0.7184873949579832
615e25a2ad4fdb2fe4530c9d,Bonus,5.25
615e25a2ad4fdb2fe4530c9d,Rew Match Accuracy,0.9666666666666667
615e25a2ad4fdb2fe4530c9d,Unrew Match Accuracy,0.9666666666666667
615e25a2ad4fdb2fe4530c9d,CR Overall,0.43697478991596633
615e25a2ad4fdb2fe4530c9d,CR Overall Rew,0.36666666666666664
615e25a2ad4fdb2fe4530c9d,CR Overall Unrew,0.5084745762711864
615e25a2ad4fdb2fe4530c9d,CR Ph1 Rew,0.39999999999999997
615e25a2ad4fdb2fe4530c9d,CR Ph1 Unrew,0.543502824858757
615e25a2ad4fdb2fe4530c9d,CR Ph2 Rew,0.3333333333333333
615e25a2ad4fdb2fe4530c9d,CR Ph2 Unrew,0.47223845704266504
615e25a2ad4fdb2fe4530c9d,DP Overall,1.8370186824702257
615e25a2ad4fdb2fe4530c9d,DP Overall Rew,1.6268480359315274
615e25a2ad4fdb2fe4530c9d,DP Overall Unrew,2.223119249529112
615e25a2ad4fdb2fe4530c9d,DP Ph1 Rew,1.7203044150117828
615e25a2ad4fdb2fe4530c9d,DP Ph1 Unrew,2.45292151102129
615e25a2ad4fdb2fe4530c9d,DP Ph2 Rew,1.5346686112553187
615e25a2ad4fdb2fe4530c9d,DP Ph2 Unrew,2.0405610786696036
615e25a2ad4fdb2fe4530c9d,Memory Test RT,3433.541596638054
615e25a2ad4fdb2fe4530c9d,Memory Certainty Count,"0.0     41
12.0    59
24.0    30
48.0    39
60.0    50
72.0    19
Name: response, dtype: int64"
615e25a2ad4fdb2fe4530c9d,Memory Certainty Count Correct,"0.0     36
12.0    43
24.0    12
48.0    26
60.0    37
72.0    17
Name: response, dtype: int64"
615e25a2ad4fdb2fe4530c9d,Rewarded Category,Object
615e25a2ad4fdb2fe4530c9d,End Survey,"{""Q0"":""quite surprised I wasn't completely sure of some of them"",""Q1"":""mostly focused on colours and if the image reminded me of any thoughts I had during the first trial, such as remembering that I used to have said item"",""Q2"":""3""}"
6156b43d20238135bb48095c,Overall PC,0.6416666666666667
6156b43d20238135bb48095c,Bonus,5.25
6156b43d20238135bb48095c,Rew Match Accuracy,0.9333333333333333
6156b43d20238135bb48095c,Unrew Match Accuracy,0.9666666666666667
6156b43d20238135bb48095c,CR Overall,0.2833333333333334
6156b43d20238135bb48095c,CR Overall Rew,0.26666666666666666
6156b43d20238135bb48095c,CR Overall Unrew,0.3
6156b43d20238135bb48095c,CR Ph1 Rew,0.36666666666666664
6156b43d20238135bb48095c,CR Ph1 Unrew,0.26666666666666666
6156b43d20238135bb48095c,CR Ph2 Rew,0.16666666666666669
6156b43d20238135bb48095c,CR Ph2 Unrew,0.3333333333333333
6156b43d20238135bb48095c,DP Overall,1.38106635186781
6156b43d20238135bb48095c,DP Overall Rew,1.3495641910558691
6156b43d20238135bb48095c,DP Overall Unrew,1.4214212727093536
6156b43d20238135bb48095c,DP Ph1 Rew,1.6268480359315274
6156b43d20238135bb48095c,DP Ph1 Unrew,1.3242362068793545
6156b43d20238135bb48095c,DP Ph2 Rew,1.0502033923775203
6156b43d20238135bb48095c,DP Ph2 Unrew,1.5188528103155043
6156b43d20238135bb48095c,Memory Test RT,2244.1504166666655
6156b43d20238135bb48095c,Memory Certainty Count,"0.0     12
12.0    34
24.0    60
48.0    48
60.0    67
72.0    19
Name: response, dtype: int64"
6156b43d20238135bb48095c,Memory Certainty Count Correct,"0.0     10
12.0    24
24.0    36
48.0    25
60.0    40
72.0    19
Name: response, dtype: int64"
6156b43d20238135bb48095c,Rewarded Category,Animal
6156b43d20238135bb48095c,End Survey,"{""Q0"":""Moderately "",""Q1"":""only was sure for some so if wasn't sure went to the middle more oftern"",""Q2"":""4""}"
601e690acaa62b2bd8d25d52,Overall PC,0.702928870292887
601e690acaa62b2bd8d25d52,Bonus,5.25
601e690acaa62b2bd8d25d52,Rew Match Accuracy,0.9
601e690acaa62b2bd8d25d52,Unrew Match Accuracy,0.9666666666666667
601e690acaa62b2bd8d25d52,CR Overall,0.405672268907563
601e690acaa62b2bd8d25d52,CR Overall Rew,0.41666666666666663
601e690acaa62b2bd8d25d52,CR Overall Unrew,0.3943502824858757
601e690acaa62b2bd8d25d52,CR Ph1 Rew,0.5166666666666667
601e690acaa62b2bd8d25d52,CR Ph1 Unrew,0.6298850574712644
601e690acaa62b2bd8d25d52,CR Ph2 Rew,0.31666666666666665
601e690acaa62b2bd8d25d52,CR Ph2 Unrew,0.16666666666666669
601e690acaa62b2bd8d25d52,DP Overall,1.7343980773828038
601e690acaa62b2bd8d25d52,DP Overall Rew,1.7652287449028206
601e690acaa62b2bd8d25d52,DP Overall Unrew,1.7043233737255523
601e690acaa62b2bd8d25d52,DP Ph1 Rew,2.085849607436772
601e690acaa62b2bd8d25d52,DP Ph1 Unrew,2.5581014606436847
601e690acaa62b2bd8d25d52,DP Ph2 Rew,1.4811117585633233
601e690acaa62b2bd8d25d52,DP Ph2 Unrew,1.0502033923775203
601e690acaa62b2bd8d25d52,Memory Test RT,2011.1861924686348
601e690acaa62b2bd8d25d52,Memory Certainty Count,"0.0     50
12.0    24
24.0    40
48.0    63
60.0    36
72.0    26
Name: response, dtype: int64"
601e690acaa62b2bd8d25d52,Memory Certainty Count Correct,"0.0     42
12.0    15
24.0    24
48.0    37
60.0    28
72.0    22
Name: response, dtype: int64"
601e690acaa62b2bd8d25d52,Rewarded Category,Object
601e690acaa62b2bd8d25d52,End Survey,"{""Q0"":""quite"",""Q1"":""i remembered saying items out lout to myself yesterday"",""Q2"":""5""}"
615962d5a26e038d24fdefa1,Overall PC,0.875
615962d5a26e038d24fdefa1,Bonus,5.25
615962d5a26e038d24fdefa1,Rew Match Accuracy,0.9666666666666667
615962d5a26e038d24fdefa1,Unrew Match Accuracy,1.0
615962d5a26e038d24fdefa1,CR Overall,0.75
615962d5a26e038d24fdefa1,CR Overall Rew,0.7666666666666667
615962d5a26e038d24fdefa1,CR Overall Unrew,0.7333333333333333
615962d5a26e038d24fdefa1,CR Ph1 Rew,0.7666666666666667
615962d5a26e038d24fdefa1,CR Ph1 Unrew,0.7833333333333333
615962d5a26e038d24fdefa1,CR Ph2 Rew,0.7666666666666667
615962d5a26e038d24fdefa1,CR Ph2 Unrew,0.6833333333333333
615962d5a26e038d24fdefa1,DP Overall,2.9930831937658993
615962d5a26e038d24fdefa1,DP Overall Rew,3.0813615633194096
615962d5a26e038d24fdefa1,DP Overall Unrew,2.969487970672231
615962d5a26e038d24fdefa1,DP Ph1 Rew,3.0813615633194096
615962d5a26e038d24fdefa1,DP Ph1 Unrew,3.188927306560392
615962d5a26e038d24fdefa1,DP Ph2 Rew,3.0813615633194096
615962d5a26e038d24fdefa1,DP Ph2 Unrew,2.7883726797399078
615962d5a26e038d24fdefa1,Memory Test RT,2744.0462500000995
615962d5a26e038d24fdefa1,Memory Certainty Count,"0.0     46
12.0    44
24.0    26
48.0    49
60.0    59
72.0    16
Name: response, dtype: int64"
615962d5a26e038d24fdefa1,Memory Certainty Count Correct,"0.0     44
12.0    42
24.0    17
48.0    38
60.0    53
72.0    16
Name: response, dtype: int64"
615962d5a26e038d24fdefa1,Rewarded Category,Animal
615962d5a26e038d24fdefa1,End Survey,"{""Q0"":""quite surprised"",""Q1"":""When I was playing game 1, some of the pictures were quite memorable. I used the ways i remembered the pictures in game 1 to remember them on the memory test. "",""Q2"":""4""}"
5d776e218a8d1d00166d36a6,Overall PC,0.7196652719665272
5d776e218a8d1d00166d36a6,Bonus,5
5d776e218a8d1d00166d36a6,Rew Match Accuracy,0.9
5d776e218a8d1d00166d36a6,Unrew Match Accuracy,0.8333333333333334
5d776e218a8d1d00166d36a6,CR Overall,0.4380952380952381
5d776e218a8d1d00166d36a6,CR Overall Rew,0.4666666666666667
5d776e218a8d1d00166d36a6,CR Overall Unrew,0.40875706214689267
5d776e218a8d1d00166d36a6,CR Ph1 Rew,0.5166666666666666
5d776e218a8d1d00166d36a6,CR Ph1 Unrew,0.4695402298850574
5d776e218a8d1d00166d36a6,CR Ph2 Rew,0.41666666666666663
5d776e218a8d1d00166d36a6,CR Ph2 Unrew,0.35
5d776e218a8d1d00166d36a6,DP Overall,1.9615158971656341
5d776e218a8d1d00166d36a6,DP Overall Rew,2.0041582330597505
5d776e218a8d1d00166d36a6,DP Overall Unrew,1.9260283816023955
5d776e218a8d1d00166d36a6,DP Ph1 Rew,2.1385007257781896
5d776e218a8d1d00166d36a6,DP Ph1 Unrew,2.080864814258367
5d776e218a8d1d00166d36a6,DP Ph2 Rew,1.8741878048403378
5d776e218a8d1d00166d36a6,DP Ph2 Unrew,1.7762848523850638
5d776e218a8d1d00166d36a6,Memory Test RT,2948.803347280335
5d776e218a8d1d00166d36a6,Memory Certainty Count,"0.0     38
12.0    12
24.0    34
48.0    72
60.0    64
72.0    19
Name: response, dtype: int64"
5d776e218a8d1d00166d36a6,Memory Certainty Count Correct,"0.0     35
12.0     9
24.0    24
48.0    44
60.0    45
72.0    15
Name: response, dtype: int64"
5d776e218a8d1d00166d36a6,Rewarded Category,Object
5d776e218a8d1d00166d36a6,End Survey,"{""Q0"":""A little"",""Q1"":""I tried to relate each object to myself such as hedgehog, it made me think of my pet hedgehog and food mixer reminded me of my own"",""Q2"":""4""}"
